id,asins,brand,categories,colors,dateAdded,dateUpdated,dimension,ean,imageURLs,keys,manufacturer,manufacturerNumber,name,primaryCategories,reviews.date,reviews.dateSeen,reviews.doRecommend,reviews.numHelpful,reviews.rating,reviews.sourceURLs,reviews.text,reviews.title,reviews.username,sourceURLs,upc,weight,original_text,cleaned_text,cleaned_length,cluster,cluster_v3,semantic_cluster,semantic_cluster_final,aspect_sentiment
AVpgfP3DilAPnD_xtG3M,B00IAKLM54,Logitech,"Electronics,Accessories & Supplies,Audio & Video Accessories,Remote Controls & Accessories,TV & Video,TV Accessories,Remote Controls,TVs Entertainment,General Accessories,Accessories,Consumer Electronics,TV, Video & Home Audio,TV, Video & Audio Accessories,See more Logitech Harmony Ultimate One IR Remote With C...,TV Remote Controls,TV & Home Theater,TV & Home Theater Accessories,Universal Remote Controls,Stereo Accessories,Electronics Features",Black,2015-05-18T12:55:52Z,2018-03-23T17:22:18Z,2.2 x 1.2 x 7.3 inches,97855100818.0,"https://images-na.ssl-images-amazon.com/images/I/71Od-jmcj2L._SL1500_.jpg,https://images-na.ssl-images-amazon.com/images/I/71goDBwf7rL._SL1500_.jpg,https://images-na.ssl-images-amazon.com/images/I/81tsOIAPSsL._SL1500_.jpg,https://i5.walmartimages.com/asr/e2b50402-0eed-4655-95cd-3898c4f76644_1.bc1b4557d7da4de944dd1fddc68ffd85.jpeg?odnHeight=450&odnWidth=450&odnBg=FFFFFF,https://i5.walmartimages.com/asr/53b96568-b5e4-4759-9b41-39e50572223e_1.8689fe8944c78587bcc68ca1f7e6545a.jpeg?odnHeight=450&odnWidth=450&odnBg=FFFFFF,https://static.bhphoto.com/images/smallimages/1403708763000_1054590.jpg,https://static.bhphoto.com/images/images500x500/harmony_logitech_915_000224_harmony_ultimate_one_remote_1403708763000_1054590.jpg,http://ecx.images-amazon.com/images/I/41EVxhoieBL._SS40_.jpg,http://ecx.images-amazon.com/images/I/41EVxhoieBL._SY300_QL70_.jpg,http://ecx.images-amazon.com/images/I/41To8F4LA-L._SS40_.jpg,http://ecx.images-amazon.com/images/I/41zWqLD1LmL._SS40_.jpg,https://pisces.bbystatic.com/image2/BestBuy_US/images/products/3721/3721047_sa.jpg,https://images-na.ssl-images-amazon.com/images/I/41EVxhoieBL.jpg,https://www.barcodable.com/images/barcode/0097855100818.png,http://i.ebayimg.com/thumbs/images/g/vCMAAOSwTLxZigVT/s-l96.jpg,http://i.ebayimg.com/thumbs/images/g/2Z4AAOSwBWdZodz~/s-l96.jpg,http://i.ebayimg.com/thumbs/images/g/J-MAAOSwoydWpVUM/s-l96.jpg,http://i.ebayimg.com/thumbs/images/g/IDQAAOSwXXxZXluq/s-l96.jpg,http://i.ebayimg.com/thumbs/images/g/7HgAAOSwAExZoavp/s-l96.jpg,https://i.ebayimg.com/images/g/3aYAAOSw7NNUACeR/s-l300.jpg,http://i.ebayimg.com/images/g/3aYAAOSw7NNUACeR/s-l64.jpg,http://i.ebayimg.com/images/g/DMgAAOSwd4tUACeS/s-l64.jpg,http://i.ebayimg.com/00/z/380AAOSwAF5UaWGs/$_10.png,https://www.upccodesearch.com/images/barcode/0097855100818.png","logitech/915000224,logitech915000224harmonyultimateone15deviceuniversalinfraredremotewithcustomizabletouchscreencontrolblack/111448285620,logitech915000224harmonyultimateone15deviceuniversalinfraredremotewithcustomizabletouchscreencontrolblack/b00iaklm54,097855100818,0097855100818,logitech915000224harmonyultimateone15deviceuniversalinfraredremotewithcustomizabletouchscreencontrolblack/553645002,logitech915000224harmonyultimateone15deviceuniversalinfraredremotewithcustomizabletouchscreencontrolblack/3721047,logitech915000224harmonyultimateone15deviceuniversalinfraredremotewithcustomizabletouchscreencontrolblack/hahuor",Logitech,915-000224,Logitech 915-000224  Harmony Ultimate One 15-Device Universal Infrared Remote with Customizable Touch Screen Control - Black,Electronics,2015-08-30T00:00:00.000Z,2017-11-29T00:00:00Z,,,1.0,https://www.amazon.com/product-reviews/B00IAKLM54/,"This is the worst remote we have ever had. The buttons don't work. It looks like it has more options, but it very frustrating to use. I'm love technology and would not recommend this to anyone",This is the worst remote we have ever had,ByNora Phillips,"https://www.amazon.com/Logitech-Ultimate-15-Device-Universal-Customizable/dp/B00IAKLM54/,http://www.walmart.com/ip/Logitech-Harmony-Ultimate-One/43195625,https://www.amazon.com/Logitech-915-000224-15-Device-Universal-Customizable/dp/B00IAKLM54/,https://www.walmart.com/ip/Logitech-Harmony-Ultimate-One/43195625,https://www.bhphotovideo.com/c/product/1054590-REG/harmony_logitech_915_000224_harmony_ultimate_one_remote.html,https://www.amazon.com/Logitech-915-000224-Harmony-Ultimate-One/dp/B00IAKLM54/,http://www.amazon.com/Logitech-Harmony-Ultimate-Customizable-915-000224/dp/B00IAKLM54,http://www.amazon.ca/product-reviews/B00IAKLM54,http://www.amazon.ca/Logitech-Harmony-Ultimate-Customizable-915-000224/dp/B00IAKLM54,https://www.amazon.com/product-reviews/B00IAKLM54/,https://www.ebay.com/urw/product-reviews/530090991?_itm=253099154595,https://www.bestbuy.com/site/logitech-harmony-ultimate-one-15-device-universal-remote-black/3721047.p?skuId=3721047,http://reviews.bestbuy.com/3545/3721047/reviews.htm?format=embedded,https://www.ebay.com/urw/product-reviews/530090991?_itm=111448285620,http://reviews.bestbuy.com/3545/3721047/reviews.htm?format=embedded&page=90,http://reviews.bestbuy.com/3545/3721047/reviews.htm?format=embedded&page=100,http://reviews.bestbuy.com/3545/3721047/reviews.htm?format=embedded&page=101,http://reviews.bestbuy.com/3545/3721047/reviews.htm?format=embedded&page=99,http://reviews.bestbuy.com/3545/3721047/reviews.htm?format=embedded&page=95,http://reviews.bestbuy.com/3545/3721047/reviews.htm?format=embedded&page=96,http://reviews.bestbuy.com/3545/3721047/reviews.htm?format=embedded&page=98,http://reviews.bestbuy.com/3545/3721047/reviews.htm?format=embedded&page=93,http://reviews.bestbuy.com/3545/3721047/reviews.htm?format=embedded&page=97,http://reviews.bestbuy.com/3545/3721047/reviews.htm?format=embedded&page=87,http://reviews.bestbuy.com/3545/3721047/reviews.htm?format=embedded&page=94,http://reviews.bestbuy.com/3545/3721047/reviews.htm?format=embedded&page=92,http://reviews.bestbuy.com/3545/3721047/reviews.htm?format=embedded&page=89,http://reviews.bestbuy.com/3545/3721047/reviews.htm?format=embedded&page=91,http://reviews.bestbuy.com/3545/3721047/reviews.htm?format=embedded&page=88,http://reviews.bestbuy.com/3545/3721047/reviews.htm?format=embedded&page=83,http://reviews.bestbuy.com/3545/3721047/reviews.htm?format=embedded&page=86,http://reviews.bestbuy.com/3545/3721047/reviews.htm?format=embedded&page=85,http://reviews.bestbuy.com/3545/3721047/reviews.htm?format=embedded&page=84,http://reviews.bestbuy.com/3545/3721047/reviews.htm?format=embedded&page=81,http://reviews.bestbuy.com/3545/3721047/reviews.htm?format=embedded&page=82,http://reviews.bestbuy.com/3545/3721047/reviews.htm?format=embedded&page=74,http://reviews.bestbuy.com/3545/3721047/reviews.htm?format=embedded&page=75,http://reviews.bestbuy.com/3545/3721047/reviews.htm?format=embedded&page=80,http://reviews.bestbuy.com/3545/3721047/reviews.htm?format=embedded&page=77,http://reviews.bestbuy.com/3545/3721047/reviews.htm?format=embedded&page=73,http://reviews.bestbuy.com/3545/3721047/reviews.htm?format=embedded&page=78,http://reviews.bestbuy.com/3545/3721047/reviews.htm?format=embedded&page=79,http://reviews.bestbuy.com/3545/3721047/reviews.htm?format=embedded&page=76,http://reviews.bestbuy.com/3545/3721047/reviews.htm?format=embedded&page=72,http://reviews.bestbuy.com/3545/3721047/reviews.htm?format=embedded&page=69,http://reviews.bestbuy.com/3545/3721047/reviews.htm?format=embedded&page=68,http://reviews.bestbuy.com/3545/3721047/reviews.htm?format=embedded&page=70,http://reviews.bestbuy.com/3545/3721047/reviews.htm?format=embedded&page=67,http://reviews.bestbuy.com/3545/3721047/reviews.htm?format=embedded&page=71,http://reviews.bestbuy.com/3545/3721047/reviews.htm?format=embedded&page=63,http://reviews.bestbuy.com/3545/3721047/reviews.htm?format=embedded&page=65,http://reviews.bestbuy.com/3545/3721047/reviews.htm?format=embedded&page=62,http://reviews.bestbuy.com/3545/3721047/reviews.htm?format=embedded&page=64,http://reviews.bestbuy.com/3545/3721047/reviews.htm?format=embedded&page=60,http://reviews.bestbuy.com/3545/3721047/reviews.htm?format=embedded&page=57,http://reviews.bestbuy.com/3545/3721047/reviews.htm?format=embedded&page=66,http://reviews.bestbuy.com/3545/3721047/reviews.htm?format=embedded&page=54,http://reviews.bestbuy.com/3545/3721047/reviews.htm?format=embedded&page=61,http://reviews.bestbuy.com/3545/3721047/reviews.htm?format=embedded&page=59,http://reviews.bestbuy.com/3545/3721047/reviews.htm?format=embedded&page=56,http://reviews.bestbuy.com/3545/3721047/reviews.htm?format=embedded&page=58,http://reviews.bestbuy.com/3545/3721047/reviews.htm?format=embedded&page=55,http://reviews.bestbuy.com/3545/3721047/reviews.htm?format=embedded&page=49,http://reviews.bestbuy.com/3545/3721047/reviews.htm?format=embedded&page=52,http://reviews.bestbuy.com/3545/3721047/reviews.htm?format=embedded&page=50,http://reviews.bestbuy.com/3545/3721047/reviews.htm?format=embedded&page=48,http://reviews.bestbuy.com/3545/3721047/reviews.htm?format=embedded&page=51,http://reviews.bestbuy.com/3545/3721047/reviews.htm?format=embedded&page=53,http://reviews.bestbuy.com/3545/3721047/reviews.htm?format=embedded&page=46,http://reviews.bestbuy.com/3545/3721047/reviews.htm?format=embedded&page=45,http://reviews.bestbuy.com/3545/3721047/reviews.htm?format=embedded&page=40,http://reviews.bestbuy.com/3545/3721047/reviews.htm?format=embedded&page=39,http://reviews.bestbuy.com/3545/3721047/reviews.htm?format=embedded&page=47,http://reviews.bestbuy.com/3545/3721047/reviews.htm?format=embedded&page=44,http://reviews.bestbuy.com/3545/3721047/reviews.htm?format=embedded&page=41,http://reviews.bestbuy.com/3545/3721047/reviews.htm?format=embedded&page=43,http://reviews.bestbuy.com/3545/3721047/reviews.htm?format=embedded&page=42,http://reviews.bestbuy.com/3545/3721047/reviews.htm?format=embedded&page=37,http://reviews.bestbuy.com/3545/3721047/reviews.htm?format=embedded&page=35,http://reviews.bestbuy.com/3545/3721047/reviews.htm?format=embedded&page=33,http://reviews.bestbuy.com/3545/3721047/reviews.htm?format=embedded&page=28,http://reviews.bestbuy.com/3545/3721047/reviews.htm?format=embedded&page=32,http://reviews.bestbuy.com/3545/3721047/reviews.htm?format=embedded&page=34,http://reviews.bestbuy.com/3545/3721047/reviews.htm?format=embedded&page=38,http://reviews.bestbuy.com/3545/3721047/reviews.htm?format=embedded&page=36,http://reviews.bestbuy.com/3545/3721047/reviews.htm?format=embedded&page=31,http://reviews.bestbuy.com/3545/3721047/reviews.htm?format=embedded&page=27,http://reviews.bestbuy.com/3545/3721047/reviews.htm?format=embedded&page=29,http://reviews.bestbuy.com/3545/3721047/reviews.htm?format=embedded&page=30,http://reviews.bestbuy.com/3545/3721047/reviews.htm?format=embedded&page=26,http://reviews.bestbuy.com/3545/3721047/reviews.htm?format=embedded&page=23,http://reviews.bestbuy.com/3545/3721047/reviews.htm?format=embedded&page=24,http://reviews.bestbuy.com/3545/3721047/reviews.htm?format=embedded&page=25,http://reviews.bestbuy.com/3545/3721047/reviews.htm?format=embedded&page=22,http://reviews.bestbuy.com/3545/3721047/reviews.htm?format=embedded&page=21,http://reviews.bestbuy.com/3545/3721047/reviews.htm?format=embedded&page=20,http://reviews.bestbuy.com/3545/3721047/reviews.htm?format=embedded&page=11,http://reviews.bestbuy.com/3545/3721047/reviews.htm?format=embedded&page=19,http://reviews.bestbuy.com/3545/3721047/reviews.htm?format=embedded&page=17,http://reviews.bestbuy.com/3545/3721047/reviews.htm?format=embedded&page=10,http://reviews.bestbuy.com/3545/3721047/reviews.htm?format=embedded&page=15,http://reviews.bestbuy.com/3545/3721047/reviews.htm?format=embedded&page=18,http://reviews.bestbuy.com/3545/3721047/reviews.htm?format=embedded&page=16,http://reviews.bestbuy.com/3545/3721047/reviews.htm?format=embedded&page=14,http://reviews.bestbuy.com/3545/3721047/reviews.htm?format=embedded&page=9,http://reviews.bestbuy.com/3545/3721047/reviews.htm?format=embedded&page=12,http://reviews.bestbuy.com/3545/3721047/reviews.htm?format=embedded&page=13,http://reviews.bestbuy.com/3545/3721047/reviews.htm?format=embedded&page=8,http://reviews.bestbuy.com/3545/3721047/reviews.htm?format=embedded&page=4,http://reviews.bestbuy.com/3545/3721047/reviews.htm?format=embedded&page=5,http://reviews.bestbuy.com/3545/3721047/reviews.htm?format=embedded&page=3,http://reviews.bestbuy.com/3545/3721047/reviews.htm?format=embedded&page=6,http://reviews.bestbuy.com/3545/3721047/reviews.htm?format=embedded&page=7,http://reviews.bestbuy.com/3545/3721047/reviews.htm?format=embedded&page=2,http://reviews.bestbuy.com/3545/3721047/reviews.htm?format=embedded&page=124,http://reviews.bestbuy.com/3545/3721047/reviews.htm?format=embedded&page=123,http://reviews.bestbuy.com/3545/3721047/reviews.htm?format=embedded&page=115,http://reviews.bestbuy.com/3545/3721047/reviews.htm?format=embedded&page=118,http://reviews.bestbuy.com/3545/3721047/reviews.htm?format=embedded&page=122,http://reviews.bestbuy.com/3545/3721047/reviews.htm?format=embedded&page=111,http://reviews.bestbuy.com/3545/3721047/reviews.htm?format=embedded&page=121,http://reviews.bestbuy.com/3545/3721047/reviews.htm?format=embedded&page=119,http://reviews.bestbuy.com/3545/3721047/reviews.htm?format=embedded&page=120,http://reviews.bestbuy.com/3545/3721047/reviews.htm?format=embedded&page=116,http://reviews.bestbuy.com/3545/3721047/reviews.htm?format=embedded&page=117,http://reviews.bestbuy.com/3545/3721047/reviews.htm?format=embedded&page=112,http://reviews.bestbuy.com/3545/3721047/reviews.htm?format=embedded&page=110,http://reviews.bestbuy.com/3545/3721047/reviews.htm?format=embedded&page=113,http://reviews.bestbuy.com/3545/3721047/reviews.htm?format=embedded&page=106,http://reviews.bestbuy.com/3545/3721047/reviews.htm?format=embedded&page=114,http://reviews.bestbuy.com/3545/3721047/reviews.htm?format=embedded&page=105,http://reviews.bestbuy.com/3545/3721047/reviews.htm?format=embedded&page=108,http://reviews.bestbuy.com/3545/3721047/reviews.htm?format=embedded&page=107,http://reviews.bestbuy.com/3545/3721047/reviews.htm?format=embedded&page=109,http://reviews.bestbuy.com/3545/3721047/reviews.htm?format=embedded&page=103,http://reviews.bestbuy.com/3545/3721047/reviews.htm?format=embedded&page=104,http://reviews.bestbuy.com/3545/3721047/reviews.htm?format=embedded&page=102,https://www.barcodable.com/upc/097855100818,http://www.ebay.com/itm/Logitech-Harmony-Ultimate-One-IR-Remote-with-Customizable-Touch-Screen-Control/111448285620,https://www.amazon.com/Logitech-Harmony-Ultimate-Customizable-Control/dp/B00IAKLM54/,http://www.bestbuy.com/site/logitech-harmony-ultimate-one-15-device-universal-remote-black/3721047.p?skuId=3721047,https://www.upccodesearch.com/upc/097855100818",97855100818.0,1.7 pounds,"This is the worst remote we have ever had. The buttons don't work. It looks like it has more options, but it very frustrating to use. I'm love technology and would not recommend this to anyone",this is the worst remote we have ever had the buttons don't work it looks like it has more options but it very frustrating to use i'm love technology and would not recommend this to anyone,36,2,5,0,0,"| Aspect | Sentiment | Evidence |
|---|---|---|
| Buttons | Negative | “The buttons don’t work.” |
| Options | Neutral | “It looks like it has more options.” |
| Ease of use | Negative | “Very frustrating to use.” |
| Overall experience | Negative | “The worst remote we have ever had.” |
| Recommendation | Negative | “Would not recommend this to anyone.” |"
AVpgfP3DilAPnD_xtG3M,B00IAKLM54,Logitech,"Electronics,Accessories & Supplies,Audio & Video Accessories,Remote Controls & Accessories,TV & Video,TV Accessories,Remote Controls,TVs Entertainment,General Accessories,Accessories,Consumer Electronics,TV, Video & Home Audio,TV, Video & Audio Accessories,See more Logitech Harmony Ultimate One IR Remote With C...,TV Remote Controls,TV & Home Theater,TV & Home Theater Accessories,Universal Remote Controls,Stereo Accessories,Electronics Features",Black,2015-05-18T12:55:52Z,2018-03-23T17:22:18Z,2.2 x 1.2 x 7.3 inches,97855100818.0,"https://images-na.ssl-images-amazon.com/images/I/71Od-jmcj2L._SL1500_.jpg,https://images-na.ssl-images-amazon.com/images/I/71goDBwf7rL._SL1500_.jpg,https://images-na.ssl-images-amazon.com/images/I/81tsOIAPSsL._SL1500_.jpg,https://i5.walmartimages.com/asr/e2b50402-0eed-4655-95cd-3898c4f76644_1.bc1b4557d7da4de944dd1fddc68ffd85.jpeg?odnHeight=450&odnWidth=450&odnBg=FFFFFF,https://i5.walmartimages.com/asr/53b96568-b5e4-4759-9b41-39e50572223e_1.8689fe8944c78587bcc68ca1f7e6545a.jpeg?odnHeight=450&odnWidth=450&odnBg=FFFFFF,https://static.bhphoto.com/images/smallimages/1403708763000_1054590.jpg,https://static.bhphoto.com/images/images500x500/harmony_logitech_915_000224_harmony_ultimate_one_remote_1403708763000_1054590.jpg,http://ecx.images-amazon.com/images/I/41EVxhoieBL._SS40_.jpg,http://ecx.images-amazon.com/images/I/41EVxhoieBL._SY300_QL70_.jpg,http://ecx.images-amazon.com/images/I/41To8F4LA-L._SS40_.jpg,http://ecx.images-amazon.com/images/I/41zWqLD1LmL._SS40_.jpg,https://pisces.bbystatic.com/image2/BestBuy_US/images/products/3721/3721047_sa.jpg,https://images-na.ssl-images-amazon.com/images/I/41EVxhoieBL.jpg,https://www.barcodable.com/images/barcode/0097855100818.png,http://i.ebayimg.com/thumbs/images/g/vCMAAOSwTLxZigVT/s-l96.jpg,http://i.ebayimg.com/thumbs/images/g/2Z4AAOSwBWdZodz~/s-l96.jpg,http://i.ebayimg.com/thumbs/images/g/J-MAAOSwoydWpVUM/s-l96.jpg,http://i.ebayimg.com/thumbs/images/g/IDQAAOSwXXxZXluq/s-l96.jpg,http://i.ebayimg.com/thumbs/images/g/7HgAAOSwAExZoavp/s-l96.jpg,https://i.ebayimg.com/images/g/3aYAAOSw7NNUACeR/s-l300.jpg,http://i.ebayimg.com/images/g/3aYAAOSw7NNUACeR/s-l64.jpg,http://i.ebayimg.com/images/g/DMgAAOSwd4tUACeS/s-l64.jpg,http://i.ebayimg.com/00/z/380AAOSwAF5UaWGs/$_10.png,https://www.upccodesearch.com/images/barcode/0097855100818.png","logitech/915000224,logitech915000224harmonyultimateone15deviceuniversalinfraredremotewithcustomizabletouchscreencontrolblack/111448285620,logitech915000224harmonyultimateone15deviceuniversalinfraredremotewithcustomizabletouchscreencontrolblack/b00iaklm54,097855100818,0097855100818,logitech915000224harmonyultimateone15deviceuniversalinfraredremotewithcustomizabletouchscreencontrolblack/553645002,logitech915000224harmonyultimateone15deviceuniversalinfraredremotewithcustomizabletouchscreencontrolblack/3721047,logitech915000224harmonyultimateone15deviceuniversalinfraredremotewithcustomizabletouchscreencontrolblack/hahuor",Logitech,915-000224,Logitech 915-000224  Harmony Ultimate One 15-Device Universal Infrared Remote with Customizable Touch Screen Control - Black,Electronics,2017-01-10T00:00:00.000Z,"2017-09-08T00:00:00Z,2017-08-31T00:00:00Z,2017-08-24T00:00:00Z,2017-08-02T00:00:00Z",False,0.0,3.0,"http://reviews.bestbuy.com/3545/3721047/reviews.htm?format=embedded&page=33,http://reviews.bestbuy.com/3545/3721047/reviews.htm?format=embedded&page=32,http://reviews.bestbuy.com/3545/3721047/reviews.htm?format=embedded&page=31,http://reviews.bestbuy.com/3545/3721047/reviews.htm?format=embedded&page=30","I'm having trouble turning my Wii game system on. It doesn't say Wii, it says X-Box. Then again, I'm a dinosaur and it could be me with the problem.",This remote is okay but that's about it.,Ronzoni,"https://www.amazon.com/Logitech-Ultimate-15-Device-Universal-Customizable/dp/B00IAKLM54/,http://www.walmart.com/ip/Logitech-Harmony-Ultimate-One/43195625,https://www.amazon.com/Logitech-915-000224-15-Device-Universal-Customizable/dp/B00IAKLM54/,https://www.walmart.com/ip/Logitech-Harmony-Ultimate-One/43195625,https://www.bhphotovideo.com/c/product/1054590-REG/harmony_logitech_915_000224_harmony_ultimate_one_remote.html,https://www.amazon.com/Logitech-915-000224-Harmony-Ultimate-One/dp/B00IAKLM54/,http://www.amazon.com/Logitech-Harmony-Ultimate-Customizable-915-000224/dp/B00IAKLM54,http://www.amazon.ca/product-reviews/B00IAKLM54,http://www.amazon.ca/Logitech-Harmony-Ultimate-Customizable-915-000224/dp/B00IAKLM54,https://www.amazon.com/product-reviews/B00IAKLM54/,https://www.ebay.com/urw/product-reviews/530090991?_itm=253099154595,https://www.bestbuy.com/site/logitech-harmony-ultimate-one-15-device-universal-remote-black/3721047.p?skuId=3721047,http://reviews.bestbuy.com/3545/3721047/reviews.htm?format=embedded,https://www.ebay.com/urw/product-reviews/530090991?_itm=111448285620,http://reviews.bestbuy.com/3545/3721047/reviews.htm?format=embedded&page=90,http://reviews.bestbuy.com/3545/3721047/reviews.htm?format=embedded&page=100,http://reviews.bestbuy.com/3545/3721047/reviews.htm?format=embedded&page=101,http://reviews.bestbuy.com/3545/3721047/reviews.htm?format=embedded&page=99,http://reviews.bestbuy.com/3545/3721047/reviews.htm?format=embedded&page=95,http://reviews.bestbuy.com/3545/3721047/reviews.htm?format=embedded&page=96,http://reviews.bestbuy.com/3545/3721047/reviews.htm?format=embedded&page=98,http://reviews.bestbuy.com/3545/3721047/reviews.htm?format=embedded&page=93,http://reviews.bestbuy.com/3545/3721047/reviews.htm?format=embedded&page=97,http://reviews.bestbuy.com/3545/3721047/reviews.htm?format=embedded&page=87,http://reviews.bestbuy.com/3545/3721047/reviews.htm?format=embedded&page=94,http://reviews.bestbuy.com/3545/3721047/reviews.htm?format=embedded&page=92,http://reviews.bestbuy.com/3545/3721047/reviews.htm?format=embedded&page=89,http://reviews.bestbuy.com/3545/3721047/reviews.htm?format=embedded&page=91,http://reviews.bestbuy.com/3545/3721047/reviews.htm?format=embedded&page=88,http://reviews.bestbuy.com/3545/3721047/reviews.htm?format=embedded&page=83,http://reviews.bestbuy.com/3545/3721047/reviews.htm?format=embedded&page=86,http://reviews.bestbuy.com/3545/3721047/reviews.htm?format=embedded&page=85,http://reviews.bestbuy.com/3545/3721047/reviews.htm?format=embedded&page=84,http://reviews.bestbuy.com/3545/3721047/reviews.htm?format=embedded&page=81,http://reviews.bestbuy.com/3545/3721047/reviews.htm?format=embedded&page=82,http://reviews.bestbuy.com/3545/3721047/reviews.htm?format=embedded&page=74,http://reviews.bestbuy.com/3545/3721047/reviews.htm?format=embedded&page=75,http://reviews.bestbuy.com/3545/3721047/reviews.htm?format=embedded&page=80,http://reviews.bestbuy.com/3545/3721047/reviews.htm?format=embedded&page=77,http://reviews.bestbuy.com/3545/3721047/reviews.htm?format=embedded&page=73,http://reviews.bestbuy.com/3545/3721047/reviews.htm?format=embedded&page=78,http://reviews.bestbuy.com/3545/3721047/reviews.htm?format=embedded&page=79,http://reviews.bestbuy.com/3545/3721047/reviews.htm?format=embedded&page=76,http://reviews.bestbuy.com/3545/3721047/reviews.htm?format=embedded&page=72,http://reviews.bestbuy.com/3545/3721047/reviews.htm?format=embedded&page=69,http://reviews.bestbuy.com/3545/3721047/reviews.htm?format=embedded&page=68,http://reviews.bestbuy.com/3545/3721047/reviews.htm?format=embedded&page=70,http://reviews.bestbuy.com/3545/3721047/reviews.htm?format=embedded&page=67,http://reviews.bestbuy.com/3545/3721047/reviews.htm?format=embedded&page=71,http://reviews.bestbuy.com/3545/3721047/reviews.htm?format=embedded&page=63,http://reviews.bestbuy.com/3545/3721047/reviews.htm?format=embedded&page=65,http://reviews.bestbuy.com/3545/3721047/reviews.htm?format=embedded&page=62,http://reviews.bestbuy.com/3545/3721047/reviews.htm?format=embedded&page=64,http://reviews.bestbuy.com/3545/3721047/reviews.htm?format=embedded&page=60,http://reviews.bestbuy.com/3545/3721047/reviews.htm?format=embedded&page=57,http://reviews.bestbuy.com/3545/3721047/reviews.htm?format=embedded&page=66,http://reviews.bestbuy.com/3545/3721047/reviews.htm?format=embedded&page=54,http://reviews.bestbuy.com/3545/3721047/reviews.htm?format=embedded&page=61,http://reviews.bestbuy.com/3545/3721047/reviews.htm?format=embedded&page=59,http://reviews.bestbuy.com/3545/3721047/reviews.htm?format=embedded&page=56,http://reviews.bestbuy.com/3545/3721047/reviews.htm?format=embedded&page=58,http://reviews.bestbuy.com/3545/3721047/reviews.htm?format=embedded&page=55,http://reviews.bestbuy.com/3545/3721047/reviews.htm?format=embedded&page=49,http://reviews.bestbuy.com/3545/3721047/reviews.htm?format=embedded&page=52,http://reviews.bestbuy.com/3545/3721047/reviews.htm?format=embedded&page=50,http://reviews.bestbuy.com/3545/3721047/reviews.htm?format=embedded&page=48,http://reviews.bestbuy.com/3545/3721047/reviews.htm?format=embedded&page=51,http://reviews.bestbuy.com/3545/3721047/reviews.htm?format=embedded&page=53,http://reviews.bestbuy.com/3545/3721047/reviews.htm?format=embedded&page=46,http://reviews.bestbuy.com/3545/3721047/reviews.htm?format=embedded&page=45,http://reviews.bestbuy.com/3545/3721047/reviews.htm?format=embedded&page=40,http://reviews.bestbuy.com/3545/3721047/reviews.htm?format=embedded&page=39,http://reviews.bestbuy.com/3545/3721047/reviews.htm?format=embedded&page=47,http://reviews.bestbuy.com/3545/3721047/reviews.htm?format=embedded&page=44,http://reviews.bestbuy.com/3545/3721047/reviews.htm?format=embedded&page=41,http://reviews.bestbuy.com/3545/3721047/reviews.htm?format=embedded&page=43,http://reviews.bestbuy.com/3545/3721047/reviews.htm?format=embedded&page=42,http://reviews.bestbuy.com/3545/3721047/reviews.htm?format=embedded&page=37,http://reviews.bestbuy.com/3545/3721047/reviews.htm?format=embedded&page=35,http://reviews.bestbuy.com/3545/3721047/reviews.htm?format=embedded&page=33,http://reviews.bestbuy.com/3545/3721047/reviews.htm?format=embedded&page=28,http://reviews.bestbuy.com/3545/3721047/reviews.htm?format=embedded&page=32,http://reviews.bestbuy.com/3545/3721047/reviews.htm?format=embedded&page=34,http://reviews.bestbuy.com/3545/3721047/reviews.htm?format=embedded&page=38,http://reviews.bestbuy.com/3545/3721047/reviews.htm?format=embedded&page=36,http://reviews.bestbuy.com/3545/3721047/reviews.htm?format=embedded&page=31,http://reviews.bestbuy.com/3545/3721047/reviews.htm?format=embedded&page=27,http://reviews.bestbuy.com/3545/3721047/reviews.htm?format=embedded&page=29,http://reviews.bestbuy.com/3545/3721047/reviews.htm?format=embedded&page=30,http://reviews.bestbuy.com/3545/3721047/reviews.htm?format=embedded&page=26,http://reviews.bestbuy.com/3545/3721047/reviews.htm?format=embedded&page=23,http://reviews.bestbuy.com/3545/3721047/reviews.htm?format=embedded&page=24,http://reviews.bestbuy.com/3545/3721047/reviews.htm?format=embedded&page=25,http://reviews.bestbuy.com/3545/3721047/reviews.htm?format=embedded&page=22,http://reviews.bestbuy.com/3545/3721047/reviews.htm?format=embedded&page=21,http://reviews.bestbuy.com/3545/3721047/reviews.htm?format=embedded&page=20,http://reviews.bestbuy.com/3545/3721047/reviews.htm?format=embedded&page=11,http://reviews.bestbuy.com/3545/3721047/reviews.htm?format=embedded&page=19,http://reviews.bestbuy.com/3545/3721047/reviews.htm?format=embedded&page=17,http://reviews.bestbuy.com/3545/3721047/reviews.htm?format=embedded&page=10,http://reviews.bestbuy.com/3545/3721047/reviews.htm?format=embedded&page=15,http://reviews.bestbuy.com/3545/3721047/reviews.htm?format=embedded&page=18,http://reviews.bestbuy.com/3545/3721047/reviews.htm?format=embedded&page=16,http://reviews.bestbuy.com/3545/3721047/reviews.htm?format=embedded&page=14,http://reviews.bestbuy.com/3545/3721047/reviews.htm?format=embedded&page=9,http://reviews.bestbuy.com/3545/3721047/reviews.htm?format=embedded&page=12,http://reviews.bestbuy.com/3545/3721047/reviews.htm?format=embedded&page=13,http://reviews.bestbuy.com/3545/3721047/reviews.htm?format=embedded&page=8,http://reviews.bestbuy.com/3545/3721047/reviews.htm?format=embedded&page=4,http://reviews.bestbuy.com/3545/3721047/reviews.htm?format=embedded&page=5,http://reviews.bestbuy.com/3545/3721047/reviews.htm?format=embedded&page=3,http://reviews.bestbuy.com/3545/3721047/reviews.htm?format=embedded&page=6,http://reviews.bestbuy.com/3545/3721047/reviews.htm?format=embedded&page=7,http://reviews.bestbuy.com/3545/3721047/reviews.htm?format=embedded&page=2,http://reviews.bestbuy.com/3545/3721047/reviews.htm?format=embedded&page=124,http://reviews.bestbuy.com/3545/3721047/reviews.htm?format=embedded&page=123,http://reviews.bestbuy.com/3545/3721047/reviews.htm?format=embedded&page=115,http://reviews.bestbuy.com/3545/3721047/reviews.htm?format=embedded&page=118,http://reviews.bestbuy.com/3545/3721047/reviews.htm?format=embedded&page=122,http://reviews.bestbuy.com/3545/3721047/reviews.htm?format=embedded&page=111,http://reviews.bestbuy.com/3545/3721047/reviews.htm?format=embedded&page=121,http://reviews.bestbuy.com/3545/3721047/reviews.htm?format=embedded&page=119,http://reviews.bestbuy.com/3545/3721047/reviews.htm?format=embedded&page=120,http://reviews.bestbuy.com/3545/3721047/reviews.htm?format=embedded&page=116,http://reviews.bestbuy.com/3545/3721047/reviews.htm?format=embedded&page=117,http://reviews.bestbuy.com/3545/3721047/reviews.htm?format=embedded&page=112,http://reviews.bestbuy.com/3545/3721047/reviews.htm?format=embedded&page=110,http://reviews.bestbuy.com/3545/3721047/reviews.htm?format=embedded&page=113,http://reviews.bestbuy.com/3545/3721047/reviews.htm?format=embedded&page=106,http://reviews.bestbuy.com/3545/3721047/reviews.htm?format=embedded&page=114,http://reviews.bestbuy.com/3545/3721047/reviews.htm?format=embedded&page=105,http://reviews.bestbuy.com/3545/3721047/reviews.htm?format=embedded&page=108,http://reviews.bestbuy.com/3545/3721047/reviews.htm?format=embedded&page=107,http://reviews.bestbuy.com/3545/3721047/reviews.htm?format=embedded&page=109,http://reviews.bestbuy.com/3545/3721047/reviews.htm?format=embedded&page=103,http://reviews.bestbuy.com/3545/3721047/reviews.htm?format=embedded&page=104,http://reviews.bestbuy.com/3545/3721047/reviews.htm?format=embedded&page=102,https://www.barcodable.com/upc/097855100818,http://www.ebay.com/itm/Logitech-Harmony-Ultimate-One-IR-Remote-with-Customizable-Touch-Screen-Control/111448285620,https://www.amazon.com/Logitech-Harmony-Ultimate-Customizable-Control/dp/B00IAKLM54/,http://www.bestbuy.com/site/logitech-harmony-ultimate-one-15-device-universal-remote-black/3721047.p?skuId=3721047,https://www.upccodesearch.com/upc/097855100818",97855100818.0,1.7 pounds,"I'm having trouble turning my Wii game system on. It doesn't say Wii, it says X-Box. Then again, I'm a dinosaur and it could be me with the problem.",i'm having trouble turning my wii game system on it doesn't say wii it says x box then again i'm a dinosaur and it could be me with the problem,30,5,4,1,1,"| Aspect | Sentiment | Evidence |
|---|---|---|
| Turning on the Wii system | Negative | “Having trouble turning my Wii game system on.” |
| Device name shown | Negative | “It doesn’t say Wii, it says X-Box.” |"
AVpgfP3DilAPnD_xtG3M,B00IAKLM54,Logitech,"Electronics,Accessories & Supplies,Audio & Video Accessories,Remote Controls & Accessories,TV & Video,TV Accessories,Remote Controls,TVs Entertainment,General Accessories,Accessories,Consumer Electronics,TV, Video & Home Audio,TV, Video & Audio Accessories,See more Logitech Harmony Ultimate One IR Remote With C...,TV Remote Controls,TV & Home Theater,TV & Home Theater Accessories,Universal Remote Controls,Stereo Accessories,Electronics Features",Black,2015-05-18T12:55:52Z,2018-03-23T17:22:18Z,2.2 x 1.2 x 7.3 inches,97855100818.0,"https://images-na.ssl-images-amazon.com/images/I/71Od-jmcj2L._SL1500_.jpg,https://images-na.ssl-images-amazon.com/images/I/71goDBwf7rL._SL1500_.jpg,https://images-na.ssl-images-amazon.com/images/I/81tsOIAPSsL._SL1500_.jpg,https://i5.walmartimages.com/asr/e2b50402-0eed-4655-95cd-3898c4f76644_1.bc1b4557d7da4de944dd1fddc68ffd85.jpeg?odnHeight=450&odnWidth=450&odnBg=FFFFFF,https://i5.walmartimages.com/asr/53b96568-b5e4-4759-9b41-39e50572223e_1.8689fe8944c78587bcc68ca1f7e6545a.jpeg?odnHeight=450&odnWidth=450&odnBg=FFFFFF,https://static.bhphoto.com/images/smallimages/1403708763000_1054590.jpg,https://static.bhphoto.com/images/images500x500/harmony_logitech_915_000224_harmony_ultimate_one_remote_1403708763000_1054590.jpg,http://ecx.images-amazon.com/images/I/41EVxhoieBL._SS40_.jpg,http://ecx.images-amazon.com/images/I/41EVxhoieBL._SY300_QL70_.jpg,http://ecx.images-amazon.com/images/I/41To8F4LA-L._SS40_.jpg,http://ecx.images-amazon.com/images/I/41zWqLD1LmL._SS40_.jpg,https://pisces.bbystatic.com/image2/BestBuy_US/images/products/3721/3721047_sa.jpg,https://images-na.ssl-images-amazon.com/images/I/41EVxhoieBL.jpg,https://www.barcodable.com/images/barcode/0097855100818.png,http://i.ebayimg.com/thumbs/images/g/vCMAAOSwTLxZigVT/s-l96.jpg,http://i.ebayimg.com/thumbs/images/g/2Z4AAOSwBWdZodz~/s-l96.jpg,http://i.ebayimg.com/thumbs/images/g/J-MAAOSwoydWpVUM/s-l96.jpg,http://i.ebayimg.com/thumbs/images/g/IDQAAOSwXXxZXluq/s-l96.jpg,http://i.ebayimg.com/thumbs/images/g/7HgAAOSwAExZoavp/s-l96.jpg,https://i.ebayimg.com/images/g/3aYAAOSw7NNUACeR/s-l300.jpg,http://i.ebayimg.com/images/g/3aYAAOSw7NNUACeR/s-l64.jpg,http://i.ebayimg.com/images/g/DMgAAOSwd4tUACeS/s-l64.jpg,http://i.ebayimg.com/00/z/380AAOSwAF5UaWGs/$_10.png,https://www.upccodesearch.com/images/barcode/0097855100818.png","logitech/915000224,logitech915000224harmonyultimateone15deviceuniversalinfraredremotewithcustomizabletouchscreencontrolblack/111448285620,logitech915000224harmonyultimateone15deviceuniversalinfraredremotewithcustomizabletouchscreencontrolblack/b00iaklm54,097855100818,0097855100818,logitech915000224harmonyultimateone15deviceuniversalinfraredremotewithcustomizabletouchscreencontrolblack/553645002,logitech915000224harmonyultimateone15deviceuniversalinfraredremotewithcustomizabletouchscreencontrolblack/3721047,logitech915000224harmonyultimateone15deviceuniversalinfraredremotewithcustomizabletouchscreencontrolblack/hahuor",Logitech,915-000224,Logitech 915-000224  Harmony Ultimate One 15-Device Universal Infrared Remote with Customizable Touch Screen Control - Black,Electronics,2017-04-04T00:00:00.000Z,2017-11-29T00:00:00Z,,,2.0,https://www.amazon.com/product-reviews/B00IAKLM54/,My Harmony 900 died and I needed a replacement. My one requirement was that it work with a FireTV. This said it did but after several attempts I packaged it back up and sent it back. I actually ended up purchasing the 100 version which doesn't have a screen and you can control with your smartphone and alexa. I don't use the smartphone controller very often but love the alexa integration....Alexa Turn on the Fire TV,Couldn't get it to work with my FireTV,ByScott S.,"https://www.amazon.com/Logitech-Ultimate-15-Device-Universal-Customizable/dp/B00IAKLM54/,http://www.walmart.com/ip/Logitech-Harmony-Ultimate-One/43195625,https://www.amazon.com/Logitech-915-000224-15-Device-Universal-Customizable/dp/B00IAKLM54/,https://www.walmart.com/ip/Logitech-Harmony-Ultimate-One/43195625,https://www.bhphotovideo.com/c/product/1054590-REG/harmony_logitech_915_000224_harmony_ultimate_one_remote.html,https://www.amazon.com/Logitech-915-000224-Harmony-Ultimate-One/dp/B00IAKLM54/,http://www.amazon.com/Logitech-Harmony-Ultimate-Customizable-915-000224/dp/B00IAKLM54,http://www.amazon.ca/product-reviews/B00IAKLM54,http://www.amazon.ca/Logitech-Harmony-Ultimate-Customizable-915-000224/dp/B00IAKLM54,https://www.amazon.com/product-reviews/B00IAKLM54/,https://www.ebay.com/urw/product-reviews/530090991?_itm=253099154595,https://www.bestbuy.com/site/logitech-harmony-ultimate-one-15-device-universal-remote-black/3721047.p?skuId=3721047,http://reviews.bestbuy.com/3545/3721047/reviews.htm?format=embedded,https://www.ebay.com/urw/product-reviews/530090991?_itm=111448285620,http://reviews.bestbuy.com/3545/3721047/reviews.htm?format=embedded&page=90,http://reviews.bestbuy.com/3545/3721047/reviews.htm?format=embedded&page=100,http://reviews.bestbuy.com/3545/3721047/reviews.htm?format=embedded&page=101,http://reviews.bestbuy.com/3545/3721047/reviews.htm?format=embedded&page=99,http://reviews.bestbuy.com/3545/3721047/reviews.htm?format=embedded&page=95,http://reviews.bestbuy.com/3545/3721047/reviews.htm?format=embedded&page=96,http://reviews.bestbuy.com/3545/3721047/reviews.htm?format=embedded&page=98,http://reviews.bestbuy.com/3545/3721047/reviews.htm?format=embedded&page=93,http://reviews.bestbuy.com/3545/3721047/reviews.htm?format=embedded&page=97,http://reviews.bestbuy.com/3545/3721047/reviews.htm?format=embedded&page=87,http://reviews.bestbuy.com/3545/3721047/reviews.htm?format=embedded&page=94,http://reviews.bestbuy.com/3545/3721047/reviews.htm?format=embedded&page=92,http://reviews.bestbuy.com/3545/3721047/reviews.htm?format=embedded&page=89,http://reviews.bestbuy.com/3545/3721047/reviews.htm?format=embedded&page=91,http://reviews.bestbuy.com/3545/3721047/reviews.htm?format=embedded&page=88,http://reviews.bestbuy.com/3545/3721047/reviews.htm?format=embedded&page=83,http://reviews.bestbuy.com/3545/3721047/reviews.htm?format=embedded&page=86,http://reviews.bestbuy.com/3545/3721047/reviews.htm?format=embedded&page=85,http://reviews.bestbuy.com/3545/3721047/reviews.htm?format=embedded&page=84,http://reviews.bestbuy.com/3545/3721047/reviews.htm?format=embedded&page=81,http://reviews.bestbuy.com/3545/3721047/reviews.htm?format=embedded&page=82,http://reviews.bestbuy.com/3545/3721047/reviews.htm?format=embedded&page=74,http://reviews.bestbuy.com/3545/3721047/reviews.htm?format=embedded&page=75,http://reviews.bestbuy.com/3545/3721047/reviews.htm?format=embedded&page=80,http://reviews.bestbuy.com/3545/3721047/reviews.htm?format=embedded&page=77,http://reviews.bestbuy.com/3545/3721047/reviews.htm?format=embedded&page=73,http://reviews.bestbuy.com/3545/3721047/reviews.htm?format=embedded&page=78,http://reviews.bestbuy.com/3545/3721047/reviews.htm?format=embedded&page=79,http://reviews.bestbuy.com/3545/3721047/reviews.htm?format=embedded&page=76,http://reviews.bestbuy.com/3545/3721047/reviews.htm?format=embedded&page=72,http://reviews.bestbuy.com/3545/3721047/reviews.htm?format=embedded&page=69,http://reviews.bestbuy.com/3545/3721047/reviews.htm?format=embedded&page=68,http://reviews.bestbuy.com/3545/3721047/reviews.htm?format=embedded&page=70,http://reviews.bestbuy.com/3545/3721047/reviews.htm?format=embedded&page=67,http://reviews.bestbuy.com/3545/3721047/reviews.htm?format=embedded&page=71,http://reviews.bestbuy.com/3545/3721047/reviews.htm?format=embedded&page=63,http://reviews.bestbuy.com/3545/3721047/reviews.htm?format=embedded&page=65,http://reviews.bestbuy.com/3545/3721047/reviews.htm?format=embedded&page=62,http://reviews.bestbuy.com/3545/3721047/reviews.htm?format=embedded&page=64,http://reviews.bestbuy.com/3545/3721047/reviews.htm?format=embedded&page=60,http://reviews.bestbuy.com/3545/3721047/reviews.htm?format=embedded&page=57,http://reviews.bestbuy.com/3545/3721047/reviews.htm?format=embedded&page=66,http://reviews.bestbuy.com/3545/3721047/reviews.htm?format=embedded&page=54,http://reviews.bestbuy.com/3545/3721047/reviews.htm?format=embedded&page=61,http://reviews.bestbuy.com/3545/3721047/reviews.htm?format=embedded&page=59,http://reviews.bestbuy.com/3545/3721047/reviews.htm?format=embedded&page=56,http://reviews.bestbuy.com/3545/3721047/reviews.htm?format=embedded&page=58,http://reviews.bestbuy.com/3545/3721047/reviews.htm?format=embedded&page=55,http://reviews.bestbuy.com/3545/3721047/reviews.htm?format=embedded&page=49,http://reviews.bestbuy.com/3545/3721047/reviews.htm?format=embedded&page=52,http://reviews.bestbuy.com/3545/3721047/reviews.htm?format=embedded&page=50,http://reviews.bestbuy.com/3545/3721047/reviews.htm?format=embedded&page=48,http://reviews.bestbuy.com/3545/3721047/reviews.htm?format=embedded&page=51,http://reviews.bestbuy.com/3545/3721047/reviews.htm?format=embedded&page=53,http://reviews.bestbuy.com/3545/3721047/reviews.htm?format=embedded&page=46,http://reviews.bestbuy.com/3545/3721047/reviews.htm?format=embedded&page=45,http://reviews.bestbuy.com/3545/3721047/reviews.htm?format=embedded&page=40,http://reviews.bestbuy.com/3545/3721047/reviews.htm?format=embedded&page=39,http://reviews.bestbuy.com/3545/3721047/reviews.htm?format=embedded&page=47,http://reviews.bestbuy.com/3545/3721047/reviews.htm?format=embedded&page=44,http://reviews.bestbuy.com/3545/3721047/reviews.htm?format=embedded&page=41,http://reviews.bestbuy.com/3545/3721047/reviews.htm?format=embedded&page=43,http://reviews.bestbuy.com/3545/3721047/reviews.htm?format=embedded&page=42,http://reviews.bestbuy.com/3545/3721047/reviews.htm?format=embedded&page=37,http://reviews.bestbuy.com/3545/3721047/reviews.htm?format=embedded&page=35,http://reviews.bestbuy.com/3545/3721047/reviews.htm?format=embedded&page=33,http://reviews.bestbuy.com/3545/3721047/reviews.htm?format=embedded&page=28,http://reviews.bestbuy.com/3545/3721047/reviews.htm?format=embedded&page=32,http://reviews.bestbuy.com/3545/3721047/reviews.htm?format=embedded&page=34,http://reviews.bestbuy.com/3545/3721047/reviews.htm?format=embedded&page=38,http://reviews.bestbuy.com/3545/3721047/reviews.htm?format=embedded&page=36,http://reviews.bestbuy.com/3545/3721047/reviews.htm?format=embedded&page=31,http://reviews.bestbuy.com/3545/3721047/reviews.htm?format=embedded&page=27,http://reviews.bestbuy.com/3545/3721047/reviews.htm?format=embedded&page=29,http://reviews.bestbuy.com/3545/3721047/reviews.htm?format=embedded&page=30,http://reviews.bestbuy.com/3545/3721047/reviews.htm?format=embedded&page=26,http://reviews.bestbuy.com/3545/3721047/reviews.htm?format=embedded&page=23,http://reviews.bestbuy.com/3545/3721047/reviews.htm?format=embedded&page=24,http://reviews.bestbuy.com/3545/3721047/reviews.htm?format=embedded&page=25,http://reviews.bestbuy.com/3545/3721047/reviews.htm?format=embedded&page=22,http://reviews.bestbuy.com/3545/3721047/reviews.htm?format=embedded&page=21,http://reviews.bestbuy.com/3545/3721047/reviews.htm?format=embedded&page=20,http://reviews.bestbuy.com/3545/3721047/reviews.htm?format=embedded&page=11,http://reviews.bestbuy.com/3545/3721047/reviews.htm?format=embedded&page=19,http://reviews.bestbuy.com/3545/3721047/reviews.htm?format=embedded&page=17,http://reviews.bestbuy.com/3545/3721047/reviews.htm?format=embedded&page=10,http://reviews.bestbuy.com/3545/3721047/reviews.htm?format=embedded&page=15,http://reviews.bestbuy.com/3545/3721047/reviews.htm?format=embedded&page=18,http://reviews.bestbuy.com/3545/3721047/reviews.htm?format=embedded&page=16,http://reviews.bestbuy.com/3545/3721047/reviews.htm?format=embedded&page=14,http://reviews.bestbuy.com/3545/3721047/reviews.htm?format=embedded&page=9,http://reviews.bestbuy.com/3545/3721047/reviews.htm?format=embedded&page=12,http://reviews.bestbuy.com/3545/3721047/reviews.htm?format=embedded&page=13,http://reviews.bestbuy.com/3545/3721047/reviews.htm?format=embedded&page=8,http://reviews.bestbuy.com/3545/3721047/reviews.htm?format=embedded&page=4,http://reviews.bestbuy.com/3545/3721047/reviews.htm?format=embedded&page=5,http://reviews.bestbuy.com/3545/3721047/reviews.htm?format=embedded&page=3,http://reviews.bestbuy.com/3545/3721047/reviews.htm?format=embedded&page=6,http://reviews.bestbuy.com/3545/3721047/reviews.htm?format=embedded&page=7,http://reviews.bestbuy.com/3545/3721047/reviews.htm?format=embedded&page=2,http://reviews.bestbuy.com/3545/3721047/reviews.htm?format=embedded&page=124,http://reviews.bestbuy.com/3545/3721047/reviews.htm?format=embedded&page=123,http://reviews.bestbuy.com/3545/3721047/reviews.htm?format=embedded&page=115,http://reviews.bestbuy.com/3545/3721047/reviews.htm?format=embedded&page=118,http://reviews.bestbuy.com/3545/3721047/reviews.htm?format=embedded&page=122,http://reviews.bestbuy.com/3545/3721047/reviews.htm?format=embedded&page=111,http://reviews.bestbuy.com/3545/3721047/reviews.htm?format=embedded&page=121,http://reviews.bestbuy.com/3545/3721047/reviews.htm?format=embedded&page=119,http://reviews.bestbuy.com/3545/3721047/reviews.htm?format=embedded&page=120,http://reviews.bestbuy.com/3545/3721047/reviews.htm?format=embedded&page=116,http://reviews.bestbuy.com/3545/3721047/reviews.htm?format=embedded&page=117,http://reviews.bestbuy.com/3545/3721047/reviews.htm?format=embedded&page=112,http://reviews.bestbuy.com/3545/3721047/reviews.htm?format=embedded&page=110,http://reviews.bestbuy.com/3545/3721047/reviews.htm?format=embedded&page=113,http://reviews.bestbuy.com/3545/3721047/reviews.htm?format=embedded&page=106,http://reviews.bestbuy.com/3545/3721047/reviews.htm?format=embedded&page=114,http://reviews.bestbuy.com/3545/3721047/reviews.htm?format=embedded&page=105,http://reviews.bestbuy.com/3545/3721047/reviews.htm?format=embedded&page=108,http://reviews.bestbuy.com/3545/3721047/reviews.htm?format=embedded&page=107,http://reviews.bestbuy.com/3545/3721047/reviews.htm?format=embedded&page=109,http://reviews.bestbuy.com/3545/3721047/reviews.htm?format=embedded&page=103,http://reviews.bestbuy.com/3545/3721047/reviews.htm?format=embedded&page=104,http://reviews.bestbuy.com/3545/3721047/reviews.htm?format=embedded&page=102,https://www.barcodable.com/upc/097855100818,http://www.ebay.com/itm/Logitech-Harmony-Ultimate-One-IR-Remote-with-Customizable-Touch-Screen-Control/111448285620,https://www.amazon.com/Logitech-Harmony-Ultimate-Customizable-Control/dp/B00IAKLM54/,http://www.bestbuy.com/site/logitech-harmony-ultimate-one-15-device-universal-remote-black/3721047.p?skuId=3721047,https://www.upccodesearch.com/upc/097855100818",97855100818.0,1.7 pounds,My Harmony 900 died and I needed a replacement. My one requirement was that it work with a FireTV. This said it did but after several attempts I packaged it back up and sent it back. I actually ended up purchasing the 100 version which doesn't have a screen and you can control with your smartphone and alexa. I don't use the smartphone controller very often but love the alexa integration....Alexa Turn on the Fire TV,my harmony 900 died and i needed a replacement my one requirement was that it work with a firetv this said it did but after several attempts i packaged it back up and sent it back i actually ended up purchasing the 100 version which doesn't have a screen and you can control with your smartphone and alexa i don't use the smartphone controller very often but love the alexa integration alexa turn on the fire tv,77,5,4,0,0,"| Aspect | Sentiment | Evidence |
|---|---|---|
| Fire TV compatibility (Harmony Ultimate One) | Negative | “It said it did” but it was returned after several attempts. |
| Smartphone control (100 version) | Neutral | “I don’t use the smartphone controller very often.” |
| Alexa integration (100 version) | Positive | “Love the Alexa integration.” |
| Screen (100 version) | Neutral | The reviewer notes it “doesn’t have a screen.” |"
AVpgfP3DilAPnD_xtG3M,B00IAKLM54,Logitech,"Electronics,Accessories & Supplies,Audio & Video Accessories,Remote Controls & Accessories,TV & Video,TV Accessories,Remote Controls,TVs Entertainment,General Accessories,Accessories,Consumer Electronics,TV, Video & Home Audio,TV, Video & Audio Accessories,See more Logitech Harmony Ultimate One IR Remote With C...,TV Remote Controls,TV & Home Theater,TV & Home Theater Accessories,Universal Remote Controls,Stereo Accessories,Electronics Features",Black,2015-05-18T12:55:52Z,2018-03-23T17:22:18Z,2.2 x 1.2 x 7.3 inches,97855100818.0,"https://images-na.ssl-images-amazon.com/images/I/71Od-jmcj2L._SL1500_.jpg,https://images-na.ssl-images-amazon.com/images/I/71goDBwf7rL._SL1500_.jpg,https://images-na.ssl-images-amazon.com/images/I/81tsOIAPSsL._SL1500_.jpg,https://i5.walmartimages.com/asr/e2b50402-0eed-4655-95cd-3898c4f76644_1.bc1b4557d7da4de944dd1fddc68ffd85.jpeg?odnHeight=450&odnWidth=450&odnBg=FFFFFF,https://i5.walmartimages.com/asr/53b96568-b5e4-4759-9b41-39e50572223e_1.8689fe8944c78587bcc68ca1f7e6545a.jpeg?odnHeight=450&odnWidth=450&odnBg=FFFFFF,https://static.bhphoto.com/images/smallimages/1403708763000_1054590.jpg,https://static.bhphoto.com/images/images500x500/harmony_logitech_915_000224_harmony_ultimate_one_remote_1403708763000_1054590.jpg,http://ecx.images-amazon.com/images/I/41EVxhoieBL._SS40_.jpg,http://ecx.images-amazon.com/images/I/41EVxhoieBL._SY300_QL70_.jpg,http://ecx.images-amazon.com/images/I/41To8F4LA-L._SS40_.jpg,http://ecx.images-amazon.com/images/I/41zWqLD1LmL._SS40_.jpg,https://pisces.bbystatic.com/image2/BestBuy_US/images/products/3721/3721047_sa.jpg,https://images-na.ssl-images-amazon.com/images/I/41EVxhoieBL.jpg,https://www.barcodable.com/images/barcode/0097855100818.png,http://i.ebayimg.com/thumbs/images/g/vCMAAOSwTLxZigVT/s-l96.jpg,http://i.ebayimg.com/thumbs/images/g/2Z4AAOSwBWdZodz~/s-l96.jpg,http://i.ebayimg.com/thumbs/images/g/J-MAAOSwoydWpVUM/s-l96.jpg,http://i.ebayimg.com/thumbs/images/g/IDQAAOSwXXxZXluq/s-l96.jpg,http://i.ebayimg.com/thumbs/images/g/7HgAAOSwAExZoavp/s-l96.jpg,https://i.ebayimg.com/images/g/3aYAAOSw7NNUACeR/s-l300.jpg,http://i.ebayimg.com/images/g/3aYAAOSw7NNUACeR/s-l64.jpg,http://i.ebayimg.com/images/g/DMgAAOSwd4tUACeS/s-l64.jpg,http://i.ebayimg.com/00/z/380AAOSwAF5UaWGs/$_10.png,https://www.upccodesearch.com/images/barcode/0097855100818.png","logitech/915000224,logitech915000224harmonyultimateone15deviceuniversalinfraredremotewithcustomizabletouchscreencontrolblack/111448285620,logitech915000224harmonyultimateone15deviceuniversalinfraredremotewithcustomizabletouchscreencontrolblack/b00iaklm54,097855100818,0097855100818,logitech915000224harmonyultimateone15deviceuniversalinfraredremotewithcustomizabletouchscreencontrolblack/553645002,logitech915000224harmonyultimateone15deviceuniversalinfraredremotewithcustomizabletouchscreencontrolblack/3721047,logitech915000224harmonyultimateone15deviceuniversalinfraredremotewithcustomizabletouchscreencontrolblack/hahuor",Logitech,915-000224,Logitech 915-000224  Harmony Ultimate One 15-Device Universal Infrared Remote with Customizable Touch Screen Control - Black,Electronics,2014-04-14T00:00:00.000Z,2017-11-29T00:00:00Z,,,3.0,https://www.amazon.com/product-reviews/B00IAKLM54/,"Are they there yet Nope. Still a pretty big a bite to setup, that has not changed much since I first started using the Harmony One eight or nine years ago and still use it. That model, I have no idea why it still works. It has been dropped, stepped on, kicked across the floor, my dog chewed on it, and it has came apart at the seams. I snap and bend it back into place and it still works. That is just amazing to me. Now to the remote at hand. Harmony Ultimate One IR.Ok what that means is that this is the version that does not have the remote hub that allows you to use the radio frequency to control tech in the next room, though walls. or in cabinets. You can get the remote hub separately here on Amazon, and I will be getting that because I am so tired at looking at all the receivers, players, and crap, I just can't stand it any longer. I want a clean look. Invisible tech.The Harmony Ultimate can control up to 15 devices, and Logitech has a library of nearly a quarter million different home entertainment products and their respective infrared commands. Even if your HDTV or Blu-ray player is obscure, you'll probably be able to control it with this remote.The downside on the buttons is that it has nothing to do with previous versions of Harmony Remotes so now you have to relearn the pattern you were used to. If you are first time Harmony customer no big deal. The only thing I have heard if you get the hub and I have personally not experienced this is that the hub may need to be reset from time to time.You control all your devices with one remote now and be able to make totally customizable control layouts and multi-device macros, then this Harmony One Ultimate will bend to your will. You just need a bit of patience and determination, plus a touch of imagination to turn this remote into anything you need a remote to be. It may take you some time to sit down and put all the entries in. Heck this thing can even control lighting and window blinds if thats your thing.In the end, I love touch screens. It makes everything so much more like your phone. And if you get the hub you can control your tech programed into the Harmony Ultimate from your phone with the downloadable app.Pain in the butt to program, great user experience if you have the patience and tenacity to put in what you need to control. Is that easy NO. If you have trouble doing technical things let your kid do it for you. Or find a twelve year old and bet them ten bucks they can't program it.Mission accomplished. If you have read these reviews on Amazon look into the negative reviews and you will most likely see that a logitech representative is reaching out to the reviewer to help them with a direct email or phone link. I like to see this from companiesUPDATE 6/10/14. I find the right Chanel toggle and left volume toggle too low on the remote for comfortable use. The remote is already shorter than the Harmony One, so that part is not ergonomic at all. Remote should be longer or they should have moved the toggles higher on remote.","The Ultimate Series Is A Step Closer To... Well Ultimate. Don't Think Its Ultimate, But Still Best There Is Right Now",ByProfessor H,"https://www.amazon.com/Logitech-Ultimate-15-Device-Universal-Customizable/dp/B00IAKLM54/,http://www.walmart.com/ip/Logitech-Harmony-Ultimate-One/43195625,https://www.amazon.com/Logitech-915-000224-15-Device-Universal-Customizable/dp/B00IAKLM54/,https://www.walmart.com/ip/Logitech-Harmony-Ultimate-One/43195625,https://www.bhphotovideo.com/c/product/1054590-REG/harmony_logitech_915_000224_harmony_ultimate_one_remote.html,https://www.amazon.com/Logitech-915-000224-Harmony-Ultimate-One/dp/B00IAKLM54/,http://www.amazon.com/Logitech-Harmony-Ultimate-Customizable-915-000224/dp/B00IAKLM54,http://www.amazon.ca/product-reviews/B00IAKLM54,http://www.amazon.ca/Logitech-Harmony-Ultimate-Customizable-915-000224/dp/B00IAKLM54,https://www.amazon.com/product-reviews/B00IAKLM54/,https://www.ebay.com/urw/product-reviews/530090991?_itm=253099154595,https://www.bestbuy.com/site/logitech-harmony-ultimate-one-15-device-universal-remote-black/3721047.p?skuId=3721047,http://reviews.bestbuy.com/3545/3721047/reviews.htm?format=embedded,https://www.ebay.com/urw/product-reviews/530090991?_itm=111448285620,http://reviews.bestbuy.com/3545/3721047/reviews.htm?format=embedded&page=90,http://reviews.bestbuy.com/3545/3721047/reviews.htm?format=embedded&page=100,http://reviews.bestbuy.com/3545/3721047/reviews.htm?format=embedded&page=101,http://reviews.bestbuy.com/3545/3721047/reviews.htm?format=embedded&page=99,http://reviews.bestbuy.com/3545/3721047/reviews.htm?format=embedded&page=95,http://reviews.bestbuy.com/3545/3721047/reviews.htm?format=embedded&page=96,http://reviews.bestbuy.com/3545/3721047/reviews.htm?format=embedded&page=98,http://reviews.bestbuy.com/3545/3721047/reviews.htm?format=embedded&page=93,http://reviews.bestbuy.com/3545/3721047/reviews.htm?format=embedded&page=97,http://reviews.bestbuy.com/3545/3721047/reviews.htm?format=embedded&page=87,http://reviews.bestbuy.com/3545/3721047/reviews.htm?format=embedded&page=94,http://reviews.bestbuy.com/3545/3721047/reviews.htm?format=embedded&page=92,http://reviews.bestbuy.com/3545/3721047/reviews.htm?format=embedded&page=89,http://reviews.bestbuy.com/3545/3721047/reviews.htm?format=embedded&page=91,http://reviews.bestbuy.com/3545/3721047/reviews.htm?format=embedded&page=88,http://reviews.bestbuy.com/3545/3721047/reviews.htm?format=embedded&page=83,http://reviews.bestbuy.com/3545/3721047/reviews.htm?format=embedded&page=86,http://reviews.bestbuy.com/3545/3721047/reviews.htm?format=embedded&page=85,http://reviews.bestbuy.com/3545/3721047/reviews.htm?format=embedded&page=84,http://reviews.bestbuy.com/3545/3721047/reviews.htm?format=embedded&page=81,http://reviews.bestbuy.com/3545/3721047/reviews.htm?format=embedded&page=82,http://reviews.bestbuy.com/3545/3721047/reviews.htm?format=embedded&page=74,http://reviews.bestbuy.com/3545/3721047/reviews.htm?format=embedded&page=75,http://reviews.bestbuy.com/3545/3721047/reviews.htm?format=embedded&page=80,http://reviews.bestbuy.com/3545/3721047/reviews.htm?format=embedded&page=77,http://reviews.bestbuy.com/3545/3721047/reviews.htm?format=embedded&page=73,http://reviews.bestbuy.com/3545/3721047/reviews.htm?format=embedded&page=78,http://reviews.bestbuy.com/3545/3721047/reviews.htm?format=embedded&page=79,http://reviews.bestbuy.com/3545/3721047/reviews.htm?format=embedded&page=76,http://reviews.bestbuy.com/3545/3721047/reviews.htm?format=embedded&page=72,http://reviews.bestbuy.com/3545/3721047/reviews.htm?format=embedded&page=69,http://reviews.bestbuy.com/3545/3721047/reviews.htm?format=embedded&page=68,http://reviews.bestbuy.com/3545/3721047/reviews.htm?format=embedded&page=70,http://reviews.bestbuy.com/3545/3721047/reviews.htm?format=embedded&page=67,http://reviews.bestbuy.com/3545/3721047/reviews.htm?format=embedded&page=71,http://reviews.bestbuy.com/3545/3721047/reviews.htm?format=embedded&page=63,http://reviews.bestbuy.com/3545/3721047/reviews.htm?format=embedded&page=65,http://reviews.bestbuy.com/3545/3721047/reviews.htm?format=embedded&page=62,http://reviews.bestbuy.com/3545/3721047/reviews.htm?format=embedded&page=64,http://reviews.bestbuy.com/3545/3721047/reviews.htm?format=embedded&page=60,http://reviews.bestbuy.com/3545/3721047/reviews.htm?format=embedded&page=57,http://reviews.bestbuy.com/3545/3721047/reviews.htm?format=embedded&page=66,http://reviews.bestbuy.com/3545/3721047/reviews.htm?format=embedded&page=54,http://reviews.bestbuy.com/3545/3721047/reviews.htm?format=embedded&page=61,http://reviews.bestbuy.com/3545/3721047/reviews.htm?format=embedded&page=59,http://reviews.bestbuy.com/3545/3721047/reviews.htm?format=embedded&page=56,http://reviews.bestbuy.com/3545/3721047/reviews.htm?format=embedded&page=58,http://reviews.bestbuy.com/3545/3721047/reviews.htm?format=embedded&page=55,http://reviews.bestbuy.com/3545/3721047/reviews.htm?format=embedded&page=49,http://reviews.bestbuy.com/3545/3721047/reviews.htm?format=embedded&page=52,http://reviews.bestbuy.com/3545/3721047/reviews.htm?format=embedded&page=50,http://reviews.bestbuy.com/3545/3721047/reviews.htm?format=embedded&page=48,http://reviews.bestbuy.com/3545/3721047/reviews.htm?format=embedded&page=51,http://reviews.bestbuy.com/3545/3721047/reviews.htm?format=embedded&page=53,http://reviews.bestbuy.com/3545/3721047/reviews.htm?format=embedded&page=46,http://reviews.bestbuy.com/3545/3721047/reviews.htm?format=embedded&page=45,http://reviews.bestbuy.com/3545/3721047/reviews.htm?format=embedded&page=40,http://reviews.bestbuy.com/3545/3721047/reviews.htm?format=embedded&page=39,http://reviews.bestbuy.com/3545/3721047/reviews.htm?format=embedded&page=47,http://reviews.bestbuy.com/3545/3721047/reviews.htm?format=embedded&page=44,http://reviews.bestbuy.com/3545/3721047/reviews.htm?format=embedded&page=41,http://reviews.bestbuy.com/3545/3721047/reviews.htm?format=embedded&page=43,http://reviews.bestbuy.com/3545/3721047/reviews.htm?format=embedded&page=42,http://reviews.bestbuy.com/3545/3721047/reviews.htm?format=embedded&page=37,http://reviews.bestbuy.com/3545/3721047/reviews.htm?format=embedded&page=35,http://reviews.bestbuy.com/3545/3721047/reviews.htm?format=embedded&page=33,http://reviews.bestbuy.com/3545/3721047/reviews.htm?format=embedded&page=28,http://reviews.bestbuy.com/3545/3721047/reviews.htm?format=embedded&page=32,http://reviews.bestbuy.com/3545/3721047/reviews.htm?format=embedded&page=34,http://reviews.bestbuy.com/3545/3721047/reviews.htm?format=embedded&page=38,http://reviews.bestbuy.com/3545/3721047/reviews.htm?format=embedded&page=36,http://reviews.bestbuy.com/3545/3721047/reviews.htm?format=embedded&page=31,http://reviews.bestbuy.com/3545/3721047/reviews.htm?format=embedded&page=27,http://reviews.bestbuy.com/3545/3721047/reviews.htm?format=embedded&page=29,http://reviews.bestbuy.com/3545/3721047/reviews.htm?format=embedded&page=30,http://reviews.bestbuy.com/3545/3721047/reviews.htm?format=embedded&page=26,http://reviews.bestbuy.com/3545/3721047/reviews.htm?format=embedded&page=23,http://reviews.bestbuy.com/3545/3721047/reviews.htm?format=embedded&page=24,http://reviews.bestbuy.com/3545/3721047/reviews.htm?format=embedded&page=25,http://reviews.bestbuy.com/3545/3721047/reviews.htm?format=embedded&page=22,http://reviews.bestbuy.com/3545/3721047/reviews.htm?format=embedded&page=21,http://reviews.bestbuy.com/3545/3721047/reviews.htm?format=embedded&page=20,http://reviews.bestbuy.com/3545/3721047/reviews.htm?format=embedded&page=11,http://reviews.bestbuy.com/3545/3721047/reviews.htm?format=embedded&page=19,http://reviews.bestbuy.com/3545/3721047/reviews.htm?format=embedded&page=17,http://reviews.bestbuy.com/3545/3721047/reviews.htm?format=embedded&page=10,http://reviews.bestbuy.com/3545/3721047/reviews.htm?format=embedded&page=15,http://reviews.bestbuy.com/3545/3721047/reviews.htm?format=embedded&page=18,http://reviews.bestbuy.com/3545/3721047/reviews.htm?format=embedded&page=16,http://reviews.bestbuy.com/3545/3721047/reviews.htm?format=embedded&page=14,http://reviews.bestbuy.com/3545/3721047/reviews.htm?format=embedded&page=9,http://reviews.bestbuy.com/3545/3721047/reviews.htm?format=embedded&page=12,http://reviews.bestbuy.com/3545/3721047/reviews.htm?format=embedded&page=13,http://reviews.bestbuy.com/3545/3721047/reviews.htm?format=embedded&page=8,http://reviews.bestbuy.com/3545/3721047/reviews.htm?format=embedded&page=4,http://reviews.bestbuy.com/3545/3721047/reviews.htm?format=embedded&page=5,http://reviews.bestbuy.com/3545/3721047/reviews.htm?format=embedded&page=3,http://reviews.bestbuy.com/3545/3721047/reviews.htm?format=embedded&page=6,http://reviews.bestbuy.com/3545/3721047/reviews.htm?format=embedded&page=7,http://reviews.bestbuy.com/3545/3721047/reviews.htm?format=embedded&page=2,http://reviews.bestbuy.com/3545/3721047/reviews.htm?format=embedded&page=124,http://reviews.bestbuy.com/3545/3721047/reviews.htm?format=embedded&page=123,http://reviews.bestbuy.com/3545/3721047/reviews.htm?format=embedded&page=115,http://reviews.bestbuy.com/3545/3721047/reviews.htm?format=embedded&page=118,http://reviews.bestbuy.com/3545/3721047/reviews.htm?format=embedded&page=122,http://reviews.bestbuy.com/3545/3721047/reviews.htm?format=embedded&page=111,http://reviews.bestbuy.com/3545/3721047/reviews.htm?format=embedded&page=121,http://reviews.bestbuy.com/3545/3721047/reviews.htm?format=embedded&page=119,http://reviews.bestbuy.com/3545/3721047/reviews.htm?format=embedded&page=120,http://reviews.bestbuy.com/3545/3721047/reviews.htm?format=embedded&page=116,http://reviews.bestbuy.com/3545/3721047/reviews.htm?format=embedded&page=117,http://reviews.bestbuy.com/3545/3721047/reviews.htm?format=embedded&page=112,http://reviews.bestbuy.com/3545/3721047/reviews.htm?format=embedded&page=110,http://reviews.bestbuy.com/3545/3721047/reviews.htm?format=embedded&page=113,http://reviews.bestbuy.com/3545/3721047/reviews.htm?format=embedded&page=106,http://reviews.bestbuy.com/3545/3721047/reviews.htm?format=embedded&page=114,http://reviews.bestbuy.com/3545/3721047/reviews.htm?format=embedded&page=105,http://reviews.bestbuy.com/3545/3721047/reviews.htm?format=embedded&page=108,http://reviews.bestbuy.com/3545/3721047/reviews.htm?format=embedded&page=107,http://reviews.bestbuy.com/3545/3721047/reviews.htm?format=embedded&page=109,http://reviews.bestbuy.com/3545/3721047/reviews.htm?format=embedded&page=103,http://reviews.bestbuy.com/3545/3721047/reviews.htm?format=embedded&page=104,http://reviews.bestbuy.com/3545/3721047/reviews.htm?format=embedded&page=102,https://www.barcodable.com/upc/097855100818,http://www.ebay.com/itm/Logitech-Harmony-Ultimate-One-IR-Remote-with-Customizable-Touch-Screen-Control/111448285620,https://www.amazon.com/Logitech-Harmony-Ultimate-Customizable-Control/dp/B00IAKLM54/,http://www.bestbuy.com/site/logitech-harmony-ultimate-one-15-device-universal-remote-black/3721047.p?skuId=3721047,https://www.upccodesearch.com/upc/097855100818",97855100818.0,1.7 pounds,"Are they there yet Nope. Still a pretty big a bite to setup, that has not changed much since I first started using the Harmony One eight or nine years ago and still use it. That model, I have no idea why it still works. It has been dropped, stepped on, kicked across the floor, my dog chewed on it, and it has came apart at the seams. I snap and bend it back into place and it still works. That is just amazing to me. Now to the remote at hand. Harmony Ultimate One IR.Ok what that means is that this is the version that does not have the remote hub that allows you to use the radio frequency to control tech in the next room, though walls. or in cabinets. You can get the remote hub separately here on Amazon, and I will be getting that because I am so tired at looking at all the receivers, players, and crap, I just can't stand it any longer. I want a clean look. Invisible tech.The Harmony Ultimate can control up to 15 devices, and Logitech has a library of nearly a quarter million different home entertainment products and their respective infrared commands. Even if your HDTV or Blu-ray player is obscure, you'll probably be able to control it with this remote.The downside on the buttons is that it has nothing to do with previous versions of Harmony Remotes so now you have to relearn the pattern you were used to. If you are first time Harmony customer no big deal. The only thing I have heard if you get the hub and I have personally not experienced this is that the hub may need to be reset from time to time.You control all your devices with one remote now and be able to make totally customizable control layouts and multi-device macros, then this Harmony One Ultimate will bend to your will. You just need a bit of patience and determination, plus a touch of imagination to turn this remote into anything you need a remote to be. It may take you some time to sit down and put all the entries in. Heck this thing can even control lighting and window blinds if thats your thing.In the end, I love touch screens. It makes everything so much more like your phone. And if you get the hub you can control your tech programed into the Harmony Ultimate from your phone with the downloadable app.Pain in the butt to program, great user experience if you have the patience and tenacity to put in what you need to control. Is that easy NO. If you have trouble doing technical things let your kid do it for you. Or find a twelve year old and bet them ten bucks they can't program it.Mission accomplished. If you have read these reviews on Amazon look into the negative reviews and you will most likely see that a logitech representative is reaching out to the reviewer to help them with a direct email or phone link. I like to see this from companiesUPDATE 6/10/14. I find the right Chanel toggle and left volume toggle too low on the remote for comfortable use. The remote is already shorter than the Harmony One, so that part is not ergonomic at all. Remote should be longer or they should have moved the toggles higher on remote.",are they there yet nope still a pretty big a bite to setup that has not changed much since i first started using the harmony one eight or nine years ago and still use it that model i have no idea why it still works it has been dropped stepped on kicked across the floor my dog chewed on it and it has came apart at the seams i snap and bend it back into place and it still works that is just amazing to me now to the remote at hand harmony ultimate one ir ok what that means is that this is the version that does not have the remote hub that allows you to use the radio frequency to control tech in the next room though walls or in cabinets you can get the remote hub separately here on amazon and i will be getting that because i am so tired at looking at all the receivers players and crap i just can't stand it any longer i want a clean look invisible tech the harmony ultimate can control up to 15 devices and logitech has a library of nearly a quarter million different home entertainment products and their respective infrared commands even if your hdtv or blu ray player is obscure you'll probably be able to control it with this remote the downside on the buttons is that it has nothing to do with previous versions of harmony remotes so now you have to relearn the pattern you were used to if you are first time harmony customer no big deal the only thing i have heard if you get the hub and i have personally not experienced this is that the hub may need to be reset from time to time you control all your devices with one remote now and be able to make totally customizable control layouts and multi device macros then this harmony one ultimate will bend to your will you just need a bit of patience and determination plus a touch of imagination to turn this remote into anything you need a remote to be it may take you some time to sit down and put all the entries in heck this thing can even control lighting and window blinds if thats your thing in the end i love touch screens it makes everything so much more like your phone and if you get the hub you can control your tech programed into the harmony ultimate from your phone with the downloadable app pain in the butt to program great user experience if you have the patience and tenacity to put in what you need to control is that easy no if you have trouble doing technical things let your kid do it for you or find a twelve year old and bet them ten bucks they can't program it mission accomplished if you have read these reviews on amazon look into the negative reviews and you will most likely see that a logitech representative is reaching out to the reviewer to help them with a direct email or phone link i like to see this from companiesupdate 6 10 14 i find the right chanel toggle and left volume toggle too low on the remote for comfortable use the remote is already shorter than the harmony one so that part is not ergonomic at all remote should be longer or they should have moved the toggles higher on remote,579,3,2,0,0,"| Aspect | Sentiment | Evidence |
|---|---|---|
| Setup and programming | Negative | “Pain in the butt to program”; “Is that easy NO.” |
| Device compatibility and capacity | Positive | “Can control up to 15 devices” and has a “library of nearly a quarter million” products. |
| IR-only version’s control range | Negative | This version lacks the hub for controlling devices “in the next room” or “in cabinets.” |
| Customization and device control | Positive | Supports “customizable control layouts and multi-device macros,” and can control lighting and window blinds. |
| Button layout familiarity | Negative | “You have to relearn the pattern” from previous Harmony remotes. |
| Touchscreen experience | Positive | “I love touch screens”; it makes the remote feel “more like your phone.” |
| Phone control with hub | Positive | With the hub, devices can be controlled from a phone using the app. |
| Hub reliability | Negative | The reviewer has heard the hub “may need to be reset from time to time,” but has not experienced it personally. |
| Toggle placement and ergonomics | Negative | The channel and volume toggles are “too low” for comfortable use and “not ergonomic.” |
| Remote length | Negative | The remote is “shorter than the Harmony One”; the reviewer says it should be longer or have higher toggles. |
| Logitech customer support | Positive | The reviewer likes seeing Logitech reach out to negative reviewers to offer help. |"
AVpgfP3DilAPnD_xtG3M,B00IAKLM54,Logitech,"Electronics,Accessories & Supplies,Audio & Video Accessories,Remote Controls & Accessories,TV & Video,TV Accessories,Remote Controls,TVs Entertainment,General Accessories,Accessories,Consumer Electronics,TV, Video & Home Audio,TV, Video & Audio Accessories,See more Logitech Harmony Ultimate One IR Remote With C...,TV Remote Controls,TV & Home Theater,TV & Home Theater Accessories,Universal Remote Controls,Stereo Accessories,Electronics Features",Black,2015-05-18T12:55:52Z,2018-03-23T17:22:18Z,2.2 x 1.2 x 7.3 inches,97855100818.0,"https://images-na.ssl-images-amazon.com/images/I/71Od-jmcj2L._SL1500_.jpg,https://images-na.ssl-images-amazon.com/images/I/71goDBwf7rL._SL1500_.jpg,https://images-na.ssl-images-amazon.com/images/I/81tsOIAPSsL._SL1500_.jpg,https://i5.walmartimages.com/asr/e2b50402-0eed-4655-95cd-3898c4f76644_1.bc1b4557d7da4de944dd1fddc68ffd85.jpeg?odnHeight=450&odnWidth=450&odnBg=FFFFFF,https://i5.walmartimages.com/asr/53b96568-b5e4-4759-9b41-39e50572223e_1.8689fe8944c78587bcc68ca1f7e6545a.jpeg?odnHeight=450&odnWidth=450&odnBg=FFFFFF,https://static.bhphoto.com/images/smallimages/1403708763000_1054590.jpg,https://static.bhphoto.com/images/images500x500/harmony_logitech_915_000224_harmony_ultimate_one_remote_1403708763000_1054590.jpg,http://ecx.images-amazon.com/images/I/41EVxhoieBL._SS40_.jpg,http://ecx.images-amazon.com/images/I/41EVxhoieBL._SY300_QL70_.jpg,http://ecx.images-amazon.com/images/I/41To8F4LA-L._SS40_.jpg,http://ecx.images-amazon.com/images/I/41zWqLD1LmL._SS40_.jpg,https://pisces.bbystatic.com/image2/BestBuy_US/images/products/3721/3721047_sa.jpg,https://images-na.ssl-images-amazon.com/images/I/41EVxhoieBL.jpg,https://www.barcodable.com/images/barcode/0097855100818.png,http://i.ebayimg.com/thumbs/images/g/vCMAAOSwTLxZigVT/s-l96.jpg,http://i.ebayimg.com/thumbs/images/g/2Z4AAOSwBWdZodz~/s-l96.jpg,http://i.ebayimg.com/thumbs/images/g/J-MAAOSwoydWpVUM/s-l96.jpg,http://i.ebayimg.com/thumbs/images/g/IDQAAOSwXXxZXluq/s-l96.jpg,http://i.ebayimg.com/thumbs/images/g/7HgAAOSwAExZoavp/s-l96.jpg,https://i.ebayimg.com/images/g/3aYAAOSw7NNUACeR/s-l300.jpg,http://i.ebayimg.com/images/g/3aYAAOSw7NNUACeR/s-l64.jpg,http://i.ebayimg.com/images/g/DMgAAOSwd4tUACeS/s-l64.jpg,http://i.ebayimg.com/00/z/380AAOSwAF5UaWGs/$_10.png,https://www.upccodesearch.com/images/barcode/0097855100818.png","logitech/915000224,logitech915000224harmonyultimateone15deviceuniversalinfraredremotewithcustomizabletouchscreencontrolblack/111448285620,logitech915000224harmonyultimateone15deviceuniversalinfraredremotewithcustomizabletouchscreencontrolblack/b00iaklm54,097855100818,0097855100818,logitech915000224harmonyultimateone15deviceuniversalinfraredremotewithcustomizabletouchscreencontrolblack/553645002,logitech915000224harmonyultimateone15deviceuniversalinfraredremotewithcustomizabletouchscreencontrolblack/3721047,logitech915000224harmonyultimateone15deviceuniversalinfraredremotewithcustomizabletouchscreencontrolblack/hahuor",Logitech,915-000224,Logitech 915-000224  Harmony Ultimate One 15-Device Universal Infrared Remote with Customizable Touch Screen Control - Black,Electronics,2015-02-11T00:00:00.000Z,2017-11-29T00:00:00Z,,,3.0,https://www.amazon.com/product-reviews/B00IAKLM54/,Good book but limited in scope!,Three Stars,ByGeorge Yard,"https://www.amazon.com/Logitech-Ultimate-15-Device-Universal-Customizable/dp/B00IAKLM54/,http://www.walmart.com/ip/Logitech-Harmony-Ultimate-One/43195625,https://www.amazon.com/Logitech-915-000224-15-Device-Universal-Customizable/dp/B00IAKLM54/,https://www.walmart.com/ip/Logitech-Harmony-Ultimate-One/43195625,https://www.bhphotovideo.com/c/product/1054590-REG/harmony_logitech_915_000224_harmony_ultimate_one_remote.html,https://www.amazon.com/Logitech-915-000224-Harmony-Ultimate-One/dp/B00IAKLM54/,http://www.amazon.com/Logitech-Harmony-Ultimate-Customizable-915-000224/dp/B00IAKLM54,http://www.amazon.ca/product-reviews/B00IAKLM54,http://www.amazon.ca/Logitech-Harmony-Ultimate-Customizable-915-000224/dp/B00IAKLM54,https://www.amazon.com/product-reviews/B00IAKLM54/,https://www.ebay.com/urw/product-reviews/530090991?_itm=253099154595,https://www.bestbuy.com/site/logitech-harmony-ultimate-one-15-device-universal-remote-black/3721047.p?skuId=3721047,http://reviews.bestbuy.com/3545/3721047/reviews.htm?format=embedded,https://www.ebay.com/urw/product-reviews/530090991?_itm=111448285620,http://reviews.bestbuy.com/3545/3721047/reviews.htm?format=embedded&page=90,http://reviews.bestbuy.com/3545/3721047/reviews.htm?format=embedded&page=100,http://reviews.bestbuy.com/3545/3721047/reviews.htm?format=embedded&page=101,http://reviews.bestbuy.com/3545/3721047/reviews.htm?format=embedded&page=99,http://reviews.bestbuy.com/3545/3721047/reviews.htm?format=embedded&page=95,http://reviews.bestbuy.com/3545/3721047/reviews.htm?format=embedded&page=96,http://reviews.bestbuy.com/3545/3721047/reviews.htm?format=embedded&page=98,http://reviews.bestbuy.com/3545/3721047/reviews.htm?format=embedded&page=93,http://reviews.bestbuy.com/3545/3721047/reviews.htm?format=embedded&page=97,http://reviews.bestbuy.com/3545/3721047/reviews.htm?format=embedded&page=87,http://reviews.bestbuy.com/3545/3721047/reviews.htm?format=embedded&page=94,http://reviews.bestbuy.com/3545/3721047/reviews.htm?format=embedded&page=92,http://reviews.bestbuy.com/3545/3721047/reviews.htm?format=embedded&page=89,http://reviews.bestbuy.com/3545/3721047/reviews.htm?format=embedded&page=91,http://reviews.bestbuy.com/3545/3721047/reviews.htm?format=embedded&page=88,http://reviews.bestbuy.com/3545/3721047/reviews.htm?format=embedded&page=83,http://reviews.bestbuy.com/3545/3721047/reviews.htm?format=embedded&page=86,http://reviews.bestbuy.com/3545/3721047/reviews.htm?format=embedded&page=85,http://reviews.bestbuy.com/3545/3721047/reviews.htm?format=embedded&page=84,http://reviews.bestbuy.com/3545/3721047/reviews.htm?format=embedded&page=81,http://reviews.bestbuy.com/3545/3721047/reviews.htm?format=embedded&page=82,http://reviews.bestbuy.com/3545/3721047/reviews.htm?format=embedded&page=74,http://reviews.bestbuy.com/3545/3721047/reviews.htm?format=embedded&page=75,http://reviews.bestbuy.com/3545/3721047/reviews.htm?format=embedded&page=80,http://reviews.bestbuy.com/3545/3721047/reviews.htm?format=embedded&page=77,http://reviews.bestbuy.com/3545/3721047/reviews.htm?format=embedded&page=73,http://reviews.bestbuy.com/3545/3721047/reviews.htm?format=embedded&page=78,http://reviews.bestbuy.com/3545/3721047/reviews.htm?format=embedded&page=79,http://reviews.bestbuy.com/3545/3721047/reviews.htm?format=embedded&page=76,http://reviews.bestbuy.com/3545/3721047/reviews.htm?format=embedded&page=72,http://reviews.bestbuy.com/3545/3721047/reviews.htm?format=embedded&page=69,http://reviews.bestbuy.com/3545/3721047/reviews.htm?format=embedded&page=68,http://reviews.bestbuy.com/3545/3721047/reviews.htm?format=embedded&page=70,http://reviews.bestbuy.com/3545/3721047/reviews.htm?format=embedded&page=67,http://reviews.bestbuy.com/3545/3721047/reviews.htm?format=embedded&page=71,http://reviews.bestbuy.com/3545/3721047/reviews.htm?format=embedded&page=63,http://reviews.bestbuy.com/3545/3721047/reviews.htm?format=embedded&page=65,http://reviews.bestbuy.com/3545/3721047/reviews.htm?format=embedded&page=62,http://reviews.bestbuy.com/3545/3721047/reviews.htm?format=embedded&page=64,http://reviews.bestbuy.com/3545/3721047/reviews.htm?format=embedded&page=60,http://reviews.bestbuy.com/3545/3721047/reviews.htm?format=embedded&page=57,http://reviews.bestbuy.com/3545/3721047/reviews.htm?format=embedded&page=66,http://reviews.bestbuy.com/3545/3721047/reviews.htm?format=embedded&page=54,http://reviews.bestbuy.com/3545/3721047/reviews.htm?format=embedded&page=61,http://reviews.bestbuy.com/3545/3721047/reviews.htm?format=embedded&page=59,http://reviews.bestbuy.com/3545/3721047/reviews.htm?format=embedded&page=56,http://reviews.bestbuy.com/3545/3721047/reviews.htm?format=embedded&page=58,http://reviews.bestbuy.com/3545/3721047/reviews.htm?format=embedded&page=55,http://reviews.bestbuy.com/3545/3721047/reviews.htm?format=embedded&page=49,http://reviews.bestbuy.com/3545/3721047/reviews.htm?format=embedded&page=52,http://reviews.bestbuy.com/3545/3721047/reviews.htm?format=embedded&page=50,http://reviews.bestbuy.com/3545/3721047/reviews.htm?format=embedded&page=48,http://reviews.bestbuy.com/3545/3721047/reviews.htm?format=embedded&page=51,http://reviews.bestbuy.com/3545/3721047/reviews.htm?format=embedded&page=53,http://reviews.bestbuy.com/3545/3721047/reviews.htm?format=embedded&page=46,http://reviews.bestbuy.com/3545/3721047/reviews.htm?format=embedded&page=45,http://reviews.bestbuy.com/3545/3721047/reviews.htm?format=embedded&page=40,http://reviews.bestbuy.com/3545/3721047/reviews.htm?format=embedded&page=39,http://reviews.bestbuy.com/3545/3721047/reviews.htm?format=embedded&page=47,http://reviews.bestbuy.com/3545/3721047/reviews.htm?format=embedded&page=44,http://reviews.bestbuy.com/3545/3721047/reviews.htm?format=embedded&page=41,http://reviews.bestbuy.com/3545/3721047/reviews.htm?format=embedded&page=43,http://reviews.bestbuy.com/3545/3721047/reviews.htm?format=embedded&page=42,http://reviews.bestbuy.com/3545/3721047/reviews.htm?format=embedded&page=37,http://reviews.bestbuy.com/3545/3721047/reviews.htm?format=embedded&page=35,http://reviews.bestbuy.com/3545/3721047/reviews.htm?format=embedded&page=33,http://reviews.bestbuy.com/3545/3721047/reviews.htm?format=embedded&page=28,http://reviews.bestbuy.com/3545/3721047/reviews.htm?format=embedded&page=32,http://reviews.bestbuy.com/3545/3721047/reviews.htm?format=embedded&page=34,http://reviews.bestbuy.com/3545/3721047/reviews.htm?format=embedded&page=38,http://reviews.bestbuy.com/3545/3721047/reviews.htm?format=embedded&page=36,http://reviews.bestbuy.com/3545/3721047/reviews.htm?format=embedded&page=31,http://reviews.bestbuy.com/3545/3721047/reviews.htm?format=embedded&page=27,http://reviews.bestbuy.com/3545/3721047/reviews.htm?format=embedded&page=29,http://reviews.bestbuy.com/3545/3721047/reviews.htm?format=embedded&page=30,http://reviews.bestbuy.com/3545/3721047/reviews.htm?format=embedded&page=26,http://reviews.bestbuy.com/3545/3721047/reviews.htm?format=embedded&page=23,http://reviews.bestbuy.com/3545/3721047/reviews.htm?format=embedded&page=24,http://reviews.bestbuy.com/3545/3721047/reviews.htm?format=embedded&page=25,http://reviews.bestbuy.com/3545/3721047/reviews.htm?format=embedded&page=22,http://reviews.bestbuy.com/3545/3721047/reviews.htm?format=embedded&page=21,http://reviews.bestbuy.com/3545/3721047/reviews.htm?format=embedded&page=20,http://reviews.bestbuy.com/3545/3721047/reviews.htm?format=embedded&page=11,http://reviews.bestbuy.com/3545/3721047/reviews.htm?format=embedded&page=19,http://reviews.bestbuy.com/3545/3721047/reviews.htm?format=embedded&page=17,http://reviews.bestbuy.com/3545/3721047/reviews.htm?format=embedded&page=10,http://reviews.bestbuy.com/3545/3721047/reviews.htm?format=embedded&page=15,http://reviews.bestbuy.com/3545/3721047/reviews.htm?format=embedded&page=18,http://reviews.bestbuy.com/3545/3721047/reviews.htm?format=embedded&page=16,http://reviews.bestbuy.com/3545/3721047/reviews.htm?format=embedded&page=14,http://reviews.bestbuy.com/3545/3721047/reviews.htm?format=embedded&page=9,http://reviews.bestbuy.com/3545/3721047/reviews.htm?format=embedded&page=12,http://reviews.bestbuy.com/3545/3721047/reviews.htm?format=embedded&page=13,http://reviews.bestbuy.com/3545/3721047/reviews.htm?format=embedded&page=8,http://reviews.bestbuy.com/3545/3721047/reviews.htm?format=embedded&page=4,http://reviews.bestbuy.com/3545/3721047/reviews.htm?format=embedded&page=5,http://reviews.bestbuy.com/3545/3721047/reviews.htm?format=embedded&page=3,http://reviews.bestbuy.com/3545/3721047/reviews.htm?format=embedded&page=6,http://reviews.bestbuy.com/3545/3721047/reviews.htm?format=embedded&page=7,http://reviews.bestbuy.com/3545/3721047/reviews.htm?format=embedded&page=2,http://reviews.bestbuy.com/3545/3721047/reviews.htm?format=embedded&page=124,http://reviews.bestbuy.com/3545/3721047/reviews.htm?format=embedded&page=123,http://reviews.bestbuy.com/3545/3721047/reviews.htm?format=embedded&page=115,http://reviews.bestbuy.com/3545/3721047/reviews.htm?format=embedded&page=118,http://reviews.bestbuy.com/3545/3721047/reviews.htm?format=embedded&page=122,http://reviews.bestbuy.com/3545/3721047/reviews.htm?format=embedded&page=111,http://reviews.bestbuy.com/3545/3721047/reviews.htm?format=embedded&page=121,http://reviews.bestbuy.com/3545/3721047/reviews.htm?format=embedded&page=119,http://reviews.bestbuy.com/3545/3721047/reviews.htm?format=embedded&page=120,http://reviews.bestbuy.com/3545/3721047/reviews.htm?format=embedded&page=116,http://reviews.bestbuy.com/3545/3721047/reviews.htm?format=embedded&page=117,http://reviews.bestbuy.com/3545/3721047/reviews.htm?format=embedded&page=112,http://reviews.bestbuy.com/3545/3721047/reviews.htm?format=embedded&page=110,http://reviews.bestbuy.com/3545/3721047/reviews.htm?format=embedded&page=113,http://reviews.bestbuy.com/3545/3721047/reviews.htm?format=embedded&page=106,http://reviews.bestbuy.com/3545/3721047/reviews.htm?format=embedded&page=114,http://reviews.bestbuy.com/3545/3721047/reviews.htm?format=embedded&page=105,http://reviews.bestbuy.com/3545/3721047/reviews.htm?format=embedded&page=108,http://reviews.bestbuy.com/3545/3721047/reviews.htm?format=embedded&page=107,http://reviews.bestbuy.com/3545/3721047/reviews.htm?format=embedded&page=109,http://reviews.bestbuy.com/3545/3721047/reviews.htm?format=embedded&page=103,http://reviews.bestbuy.com/3545/3721047/reviews.htm?format=embedded&page=104,http://reviews.bestbuy.com/3545/3721047/reviews.htm?format=embedded&page=102,https://www.barcodable.com/upc/097855100818,http://www.ebay.com/itm/Logitech-Harmony-Ultimate-One-IR-Remote-with-Customizable-Touch-Screen-Control/111448285620,https://www.amazon.com/Logitech-Harmony-Ultimate-Customizable-Control/dp/B00IAKLM54/,http://www.bestbuy.com/site/logitech-harmony-ultimate-one-15-device-universal-remote-black/3721047.p?skuId=3721047,https://www.upccodesearch.com/upc/097855100818",97855100818.0,1.7 pounds,Good book but limited in scope!,good book but limited in scope,6,1,4,1,1,"The review appears to refer to a book, not the Logitech Harmony Ultimate One. No Logitech-specific aspects are explicitly mentioned."
AVpgfP3DilAPnD_xtG3M,B00IAKLM54,Logitech,"Electronics,Accessories & Supplies,Audio & Video Accessories,Remote Controls & Accessories,TV & Video,TV Accessories,Remote Controls,TVs Entertainment,General Accessories,Accessories,Consumer Electronics,TV, Video & Home Audio,TV, Video & Audio Accessories,See more Logitech Harmony Ultimate One IR Remote With C...,TV Remote Controls,TV & Home Theater,TV & Home Theater Accessories,Universal Remote Controls,Stereo Accessories,Electronics Features",Black,2015-05-18T12:55:52Z,2018-03-23T17:22:18Z,2.2 x 1.2 x 7.3 inches,97855100818.0,"https://images-na.ssl-images-amazon.com/images/I/71Od-jmcj2L._SL1500_.jpg,https://images-na.ssl-images-amazon.com/images/I/71goDBwf7rL._SL1500_.jpg,https://images-na.ssl-images-amazon.com/images/I/81tsOIAPSsL._SL1500_.jpg,https://i5.walmartimages.com/asr/e2b50402-0eed-4655-95cd-3898c4f76644_1.bc1b4557d7da4de944dd1fddc68ffd85.jpeg?odnHeight=450&odnWidth=450&odnBg=FFFFFF,https://i5.walmartimages.com/asr/53b96568-b5e4-4759-9b41-39e50572223e_1.8689fe8944c78587bcc68ca1f7e6545a.jpeg?odnHeight=450&odnWidth=450&odnBg=FFFFFF,https://static.bhphoto.com/images/smallimages/1403708763000_1054590.jpg,https://static.bhphoto.com/images/images500x500/harmony_logitech_915_000224_harmony_ultimate_one_remote_1403708763000_1054590.jpg,http://ecx.images-amazon.com/images/I/41EVxhoieBL._SS40_.jpg,http://ecx.images-amazon.com/images/I/41EVxhoieBL._SY300_QL70_.jpg,http://ecx.images-amazon.com/images/I/41To8F4LA-L._SS40_.jpg,http://ecx.images-amazon.com/images/I/41zWqLD1LmL._SS40_.jpg,https://pisces.bbystatic.com/image2/BestBuy_US/images/products/3721/3721047_sa.jpg,https://images-na.ssl-images-amazon.com/images/I/41EVxhoieBL.jpg,https://www.barcodable.com/images/barcode/0097855100818.png,http://i.ebayimg.com/thumbs/images/g/vCMAAOSwTLxZigVT/s-l96.jpg,http://i.ebayimg.com/thumbs/images/g/2Z4AAOSwBWdZodz~/s-l96.jpg,http://i.ebayimg.com/thumbs/images/g/J-MAAOSwoydWpVUM/s-l96.jpg,http://i.ebayimg.com/thumbs/images/g/IDQAAOSwXXxZXluq/s-l96.jpg,http://i.ebayimg.com/thumbs/images/g/7HgAAOSwAExZoavp/s-l96.jpg,https://i.ebayimg.com/images/g/3aYAAOSw7NNUACeR/s-l300.jpg,http://i.ebayimg.com/images/g/3aYAAOSw7NNUACeR/s-l64.jpg,http://i.ebayimg.com/images/g/DMgAAOSwd4tUACeS/s-l64.jpg,http://i.ebayimg.com/00/z/380AAOSwAF5UaWGs/$_10.png,https://www.upccodesearch.com/images/barcode/0097855100818.png","logitech/915000224,logitech915000224harmonyultimateone15deviceuniversalinfraredremotewithcustomizabletouchscreencontrolblack/111448285620,logitech915000224harmonyultimateone15deviceuniversalinfraredremotewithcustomizabletouchscreencontrolblack/b00iaklm54,097855100818,0097855100818,logitech915000224harmonyultimateone15deviceuniversalinfraredremotewithcustomizabletouchscreencontrolblack/553645002,logitech915000224harmonyultimateone15deviceuniversalinfraredremotewithcustomizabletouchscreencontrolblack/3721047,logitech915000224harmonyultimateone15deviceuniversalinfraredremotewithcustomizabletouchscreencontrolblack/hahuor",Logitech,915-000224,Logitech 915-000224  Harmony Ultimate One 15-Device Universal Infrared Remote with Customizable Touch Screen Control - Black,Electronics,2014-10-03T00:00:00.000Z,"2017-09-08T00:00:00Z,2017-08-31T00:00:00Z,2017-08-24T00:00:00Z",True,1.0,5.0,"http://reviews.bestbuy.com/3545/3721047/reviews.htm?format=embedded&page=116,http://reviews.bestbuy.com/3545/3721047/reviews.htm?format=embedded&page=115","This remote does it all and even corrects my mistakes. The help button really works, and I no longer need 4 or 5 remotes. It would seem to be a bit tricky to program, and the Geek Squad did it for be with ease, no fuss and for that I am most gratefull.","The only remote you will ever need, I hope.",Hayseed,"https://www.amazon.com/Logitech-Ultimate-15-Device-Universal-Customizable/dp/B00IAKLM54/,http://www.walmart.com/ip/Logitech-Harmony-Ultimate-One/43195625,https://www.amazon.com/Logitech-915-000224-15-Device-Universal-Customizable/dp/B00IAKLM54/,https://www.walmart.com/ip/Logitech-Harmony-Ultimate-One/43195625,https://www.bhphotovideo.com/c/product/1054590-REG/harmony_logitech_915_000224_harmony_ultimate_one_remote.html,https://www.amazon.com/Logitech-915-000224-Harmony-Ultimate-One/dp/B00IAKLM54/,http://www.amazon.com/Logitech-Harmony-Ultimate-Customizable-915-000224/dp/B00IAKLM54,http://www.amazon.ca/product-reviews/B00IAKLM54,http://www.amazon.ca/Logitech-Harmony-Ultimate-Customizable-915-000224/dp/B00IAKLM54,https://www.amazon.com/product-reviews/B00IAKLM54/,https://www.ebay.com/urw/product-reviews/530090991?_itm=253099154595,https://www.bestbuy.com/site/logitech-harmony-ultimate-one-15-device-universal-remote-black/3721047.p?skuId=3721047,http://reviews.bestbuy.com/3545/3721047/reviews.htm?format=embedded,https://www.ebay.com/urw/product-reviews/530090991?_itm=111448285620,http://reviews.bestbuy.com/3545/3721047/reviews.htm?format=embedded&page=90,http://reviews.bestbuy.com/3545/3721047/reviews.htm?format=embedded&page=100,http://reviews.bestbuy.com/3545/3721047/reviews.htm?format=embedded&page=101,http://reviews.bestbuy.com/3545/3721047/reviews.htm?format=embedded&page=99,http://reviews.bestbuy.com/3545/3721047/reviews.htm?format=embedded&page=95,http://reviews.bestbuy.com/3545/3721047/reviews.htm?format=embedded&page=96,http://reviews.bestbuy.com/3545/3721047/reviews.htm?format=embedded&page=98,http://reviews.bestbuy.com/3545/3721047/reviews.htm?format=embedded&page=93,http://reviews.bestbuy.com/3545/3721047/reviews.htm?format=embedded&page=97,http://reviews.bestbuy.com/3545/3721047/reviews.htm?format=embedded&page=87,http://reviews.bestbuy.com/3545/3721047/reviews.htm?format=embedded&page=94,http://reviews.bestbuy.com/3545/3721047/reviews.htm?format=embedded&page=92,http://reviews.bestbuy.com/3545/3721047/reviews.htm?format=embedded&page=89,http://reviews.bestbuy.com/3545/3721047/reviews.htm?format=embedded&page=91,http://reviews.bestbuy.com/3545/3721047/reviews.htm?format=embedded&page=88,http://reviews.bestbuy.com/3545/3721047/reviews.htm?format=embedded&page=83,http://reviews.bestbuy.com/3545/3721047/reviews.htm?format=embedded&page=86,http://reviews.bestbuy.com/3545/3721047/reviews.htm?format=embedded&page=85,http://reviews.bestbuy.com/3545/3721047/reviews.htm?format=embedded&page=84,http://reviews.bestbuy.com/3545/3721047/reviews.htm?format=embedded&page=81,http://reviews.bestbuy.com/3545/3721047/reviews.htm?format=embedded&page=82,http://reviews.bestbuy.com/3545/3721047/reviews.htm?format=embedded&page=74,http://reviews.bestbuy.com/3545/3721047/reviews.htm?format=embedded&page=75,http://reviews.bestbuy.com/3545/3721047/reviews.htm?format=embedded&page=80,http://reviews.bestbuy.com/3545/3721047/reviews.htm?format=embedded&page=77,http://reviews.bestbuy.com/3545/3721047/reviews.htm?format=embedded&page=73,http://reviews.bestbuy.com/3545/3721047/reviews.htm?format=embedded&page=78,http://reviews.bestbuy.com/3545/3721047/reviews.htm?format=embedded&page=79,http://reviews.bestbuy.com/3545/3721047/reviews.htm?format=embedded&page=76,http://reviews.bestbuy.com/3545/3721047/reviews.htm?format=embedded&page=72,http://reviews.bestbuy.com/3545/3721047/reviews.htm?format=embedded&page=69,http://reviews.bestbuy.com/3545/3721047/reviews.htm?format=embedded&page=68,http://reviews.bestbuy.com/3545/3721047/reviews.htm?format=embedded&page=70,http://reviews.bestbuy.com/3545/3721047/reviews.htm?format=embedded&page=67,http://reviews.bestbuy.com/3545/3721047/reviews.htm?format=embedded&page=71,http://reviews.bestbuy.com/3545/3721047/reviews.htm?format=embedded&page=63,http://reviews.bestbuy.com/3545/3721047/reviews.htm?format=embedded&page=65,http://reviews.bestbuy.com/3545/3721047/reviews.htm?format=embedded&page=62,http://reviews.bestbuy.com/3545/3721047/reviews.htm?format=embedded&page=64,http://reviews.bestbuy.com/3545/3721047/reviews.htm?format=embedded&page=60,http://reviews.bestbuy.com/3545/3721047/reviews.htm?format=embedded&page=57,http://reviews.bestbuy.com/3545/3721047/reviews.htm?format=embedded&page=66,http://reviews.bestbuy.com/3545/3721047/reviews.htm?format=embedded&page=54,http://reviews.bestbuy.com/3545/3721047/reviews.htm?format=embedded&page=61,http://reviews.bestbuy.com/3545/3721047/reviews.htm?format=embedded&page=59,http://reviews.bestbuy.com/3545/3721047/reviews.htm?format=embedded&page=56,http://reviews.bestbuy.com/3545/3721047/reviews.htm?format=embedded&page=58,http://reviews.bestbuy.com/3545/3721047/reviews.htm?format=embedded&page=55,http://reviews.bestbuy.com/3545/3721047/reviews.htm?format=embedded&page=49,http://reviews.bestbuy.com/3545/3721047/reviews.htm?format=embedded&page=52,http://reviews.bestbuy.com/3545/3721047/reviews.htm?format=embedded&page=50,http://reviews.bestbuy.com/3545/3721047/reviews.htm?format=embedded&page=48,http://reviews.bestbuy.com/3545/3721047/reviews.htm?format=embedded&page=51,http://reviews.bestbuy.com/3545/3721047/reviews.htm?format=embedded&page=53,http://reviews.bestbuy.com/3545/3721047/reviews.htm?format=embedded&page=46,http://reviews.bestbuy.com/3545/3721047/reviews.htm?format=embedded&page=45,http://reviews.bestbuy.com/3545/3721047/reviews.htm?format=embedded&page=40,http://reviews.bestbuy.com/3545/3721047/reviews.htm?format=embedded&page=39,http://reviews.bestbuy.com/3545/3721047/reviews.htm?format=embedded&page=47,http://reviews.bestbuy.com/3545/3721047/reviews.htm?format=embedded&page=44,http://reviews.bestbuy.com/3545/3721047/reviews.htm?format=embedded&page=41,http://reviews.bestbuy.com/3545/3721047/reviews.htm?format=embedded&page=43,http://reviews.bestbuy.com/3545/3721047/reviews.htm?format=embedded&page=42,http://reviews.bestbuy.com/3545/3721047/reviews.htm?format=embedded&page=37,http://reviews.bestbuy.com/3545/3721047/reviews.htm?format=embedded&page=35,http://reviews.bestbuy.com/3545/3721047/reviews.htm?format=embedded&page=33,http://reviews.bestbuy.com/3545/3721047/reviews.htm?format=embedded&page=28,http://reviews.bestbuy.com/3545/3721047/reviews.htm?format=embedded&page=32,http://reviews.bestbuy.com/3545/3721047/reviews.htm?format=embedded&page=34,http://reviews.bestbuy.com/3545/3721047/reviews.htm?format=embedded&page=38,http://reviews.bestbuy.com/3545/3721047/reviews.htm?format=embedded&page=36,http://reviews.bestbuy.com/3545/3721047/reviews.htm?format=embedded&page=31,http://reviews.bestbuy.com/3545/3721047/reviews.htm?format=embedded&page=27,http://reviews.bestbuy.com/3545/3721047/reviews.htm?format=embedded&page=29,http://reviews.bestbuy.com/3545/3721047/reviews.htm?format=embedded&page=30,http://reviews.bestbuy.com/3545/3721047/reviews.htm?format=embedded&page=26,http://reviews.bestbuy.com/3545/3721047/reviews.htm?format=embedded&page=23,http://reviews.bestbuy.com/3545/3721047/reviews.htm?format=embedded&page=24,http://reviews.bestbuy.com/3545/3721047/reviews.htm?format=embedded&page=25,http://reviews.bestbuy.com/3545/3721047/reviews.htm?format=embedded&page=22,http://reviews.bestbuy.com/3545/3721047/reviews.htm?format=embedded&page=21,http://reviews.bestbuy.com/3545/3721047/reviews.htm?format=embedded&page=20,http://reviews.bestbuy.com/3545/3721047/reviews.htm?format=embedded&page=11,http://reviews.bestbuy.com/3545/3721047/reviews.htm?format=embedded&page=19,http://reviews.bestbuy.com/3545/3721047/reviews.htm?format=embedded&page=17,http://reviews.bestbuy.com/3545/3721047/reviews.htm?format=embedded&page=10,http://reviews.bestbuy.com/3545/3721047/reviews.htm?format=embedded&page=15,http://reviews.bestbuy.com/3545/3721047/reviews.htm?format=embedded&page=18,http://reviews.bestbuy.com/3545/3721047/reviews.htm?format=embedded&page=16,http://reviews.bestbuy.com/3545/3721047/reviews.htm?format=embedded&page=14,http://reviews.bestbuy.com/3545/3721047/reviews.htm?format=embedded&page=9,http://reviews.bestbuy.com/3545/3721047/reviews.htm?format=embedded&page=12,http://reviews.bestbuy.com/3545/3721047/reviews.htm?format=embedded&page=13,http://reviews.bestbuy.com/3545/3721047/reviews.htm?format=embedded&page=8,http://reviews.bestbuy.com/3545/3721047/reviews.htm?format=embedded&page=4,http://reviews.bestbuy.com/3545/3721047/reviews.htm?format=embedded&page=5,http://reviews.bestbuy.com/3545/3721047/reviews.htm?format=embedded&page=3,http://reviews.bestbuy.com/3545/3721047/reviews.htm?format=embedded&page=6,http://reviews.bestbuy.com/3545/3721047/reviews.htm?format=embedded&page=7,http://reviews.bestbuy.com/3545/3721047/reviews.htm?format=embedded&page=2,http://reviews.bestbuy.com/3545/3721047/reviews.htm?format=embedded&page=124,http://reviews.bestbuy.com/3545/3721047/reviews.htm?format=embedded&page=123,http://reviews.bestbuy.com/3545/3721047/reviews.htm?format=embedded&page=115,http://reviews.bestbuy.com/3545/3721047/reviews.htm?format=embedded&page=118,http://reviews.bestbuy.com/3545/3721047/reviews.htm?format=embedded&page=122,http://reviews.bestbuy.com/3545/3721047/reviews.htm?format=embedded&page=111,http://reviews.bestbuy.com/3545/3721047/reviews.htm?format=embedded&page=121,http://reviews.bestbuy.com/3545/3721047/reviews.htm?format=embedded&page=119,http://reviews.bestbuy.com/3545/3721047/reviews.htm?format=embedded&page=120,http://reviews.bestbuy.com/3545/3721047/reviews.htm?format=embedded&page=116,http://reviews.bestbuy.com/3545/3721047/reviews.htm?format=embedded&page=117,http://reviews.bestbuy.com/3545/3721047/reviews.htm?format=embedded&page=112,http://reviews.bestbuy.com/3545/3721047/reviews.htm?format=embedded&page=110,http://reviews.bestbuy.com/3545/3721047/reviews.htm?format=embedded&page=113,http://reviews.bestbuy.com/3545/3721047/reviews.htm?format=embedded&page=106,http://reviews.bestbuy.com/3545/3721047/reviews.htm?format=embedded&page=114,http://reviews.bestbuy.com/3545/3721047/reviews.htm?format=embedded&page=105,http://reviews.bestbuy.com/3545/3721047/reviews.htm?format=embedded&page=108,http://reviews.bestbuy.com/3545/3721047/reviews.htm?format=embedded&page=107,http://reviews.bestbuy.com/3545/3721047/reviews.htm?format=embedded&page=109,http://reviews.bestbuy.com/3545/3721047/reviews.htm?format=embedded&page=103,http://reviews.bestbuy.com/3545/3721047/reviews.htm?format=embedded&page=104,http://reviews.bestbuy.com/3545/3721047/reviews.htm?format=embedded&page=102,https://www.barcodable.com/upc/097855100818,http://www.ebay.com/itm/Logitech-Harmony-Ultimate-One-IR-Remote-with-Customizable-Touch-Screen-Control/111448285620,https://www.amazon.com/Logitech-Harmony-Ultimate-Customizable-Control/dp/B00IAKLM54/,http://www.bestbuy.com/site/logitech-harmony-ultimate-one-15-device-universal-remote-black/3721047.p?skuId=3721047,https://www.upccodesearch.com/upc/097855100818",97855100818.0,1.7 pounds,"This remote does it all and even corrects my mistakes. The help button really works, and I no longer need 4 or 5 remotes. It would seem to be a bit tricky to program, and the Geek Squad did it for be with ease, no fuss and for that I am most gratefull.",this remote does it all and even corrects my mistakes the help button really works and i no longer need 4 or 5 remotes it would seem to be a bit tricky to program and the geek squad did it for be with ease no fuss and for that i am most gratefull,53,4,3,0,0,"| Aspect | Sentiment | Evidence |
|---|---|---|
| Overall functionality | Positive | “This remote does it all” |
| Help and mistake correction | Positive | “The help button really works” and “corrects my mistakes” |
| Replacing multiple remotes | Positive | “I no longer need 4 or 5 remotes” |
| Programming difficulty | Negative | “A bit tricky to program” |
| Setup assistance | Positive | “The Geek Squad did it with ease, no fuss” |"
AVpgfP3DilAPnD_xtG3M,B00IAKLM54,Logitech,"Electronics,Accessories & Supplies,Audio & Video Accessories,Remote Controls & Accessories,TV & Video,TV Accessories,Remote Controls,TVs Entertainment,General Accessories,Accessories,Consumer Electronics,TV, Video & Home Audio,TV, Video & Audio Accessories,See more Logitech Harmony Ultimate One IR Remote With C...,TV Remote Controls,TV & Home Theater,TV & Home Theater Accessories,Universal Remote Controls,Stereo Accessories,Electronics Features",Black,2015-05-18T12:55:52Z,2018-03-23T17:22:18Z,2.2 x 1.2 x 7.3 inches,97855100818.0,"https://images-na.ssl-images-amazon.com/images/I/71Od-jmcj2L._SL1500_.jpg,https://images-na.ssl-images-amazon.com/images/I/71goDBwf7rL._SL1500_.jpg,https://images-na.ssl-images-amazon.com/images/I/81tsOIAPSsL._SL1500_.jpg,https://i5.walmartimages.com/asr/e2b50402-0eed-4655-95cd-3898c4f76644_1.bc1b4557d7da4de944dd1fddc68ffd85.jpeg?odnHeight=450&odnWidth=450&odnBg=FFFFFF,https://i5.walmartimages.com/asr/53b96568-b5e4-4759-9b41-39e50572223e_1.8689fe8944c78587bcc68ca1f7e6545a.jpeg?odnHeight=450&odnWidth=450&odnBg=FFFFFF,https://static.bhphoto.com/images/smallimages/1403708763000_1054590.jpg,https://static.bhphoto.com/images/images500x500/harmony_logitech_915_000224_harmony_ultimate_one_remote_1403708763000_1054590.jpg,http://ecx.images-amazon.com/images/I/41EVxhoieBL._SS40_.jpg,http://ecx.images-amazon.com/images/I/41EVxhoieBL._SY300_QL70_.jpg,http://ecx.images-amazon.com/images/I/41To8F4LA-L._SS40_.jpg,http://ecx.images-amazon.com/images/I/41zWqLD1LmL._SS40_.jpg,https://pisces.bbystatic.com/image2/BestBuy_US/images/products/3721/3721047_sa.jpg,https://images-na.ssl-images-amazon.com/images/I/41EVxhoieBL.jpg,https://www.barcodable.com/images/barcode/0097855100818.png,http://i.ebayimg.com/thumbs/images/g/vCMAAOSwTLxZigVT/s-l96.jpg,http://i.ebayimg.com/thumbs/images/g/2Z4AAOSwBWdZodz~/s-l96.jpg,http://i.ebayimg.com/thumbs/images/g/J-MAAOSwoydWpVUM/s-l96.jpg,http://i.ebayimg.com/thumbs/images/g/IDQAAOSwXXxZXluq/s-l96.jpg,http://i.ebayimg.com/thumbs/images/g/7HgAAOSwAExZoavp/s-l96.jpg,https://i.ebayimg.com/images/g/3aYAAOSw7NNUACeR/s-l300.jpg,http://i.ebayimg.com/images/g/3aYAAOSw7NNUACeR/s-l64.jpg,http://i.ebayimg.com/images/g/DMgAAOSwd4tUACeS/s-l64.jpg,http://i.ebayimg.com/00/z/380AAOSwAF5UaWGs/$_10.png,https://www.upccodesearch.com/images/barcode/0097855100818.png","logitech/915000224,logitech915000224harmonyultimateone15deviceuniversalinfraredremotewithcustomizabletouchscreencontrolblack/111448285620,logitech915000224harmonyultimateone15deviceuniversalinfraredremotewithcustomizabletouchscreencontrolblack/b00iaklm54,097855100818,0097855100818,logitech915000224harmonyultimateone15deviceuniversalinfraredremotewithcustomizabletouchscreencontrolblack/553645002,logitech915000224harmonyultimateone15deviceuniversalinfraredremotewithcustomizabletouchscreencontrolblack/3721047,logitech915000224harmonyultimateone15deviceuniversalinfraredremotewithcustomizabletouchscreencontrolblack/hahuor",Logitech,915-000224,Logitech 915-000224  Harmony Ultimate One 15-Device Universal Infrared Remote with Customizable Touch Screen Control - Black,Electronics,2017-05-05T00:00:00.000Z,"2017-09-08T00:00:00Z,2017-08-31T00:00:00Z,2017-08-24T00:00:00Z,2017-08-02T00:00:00Z",True,0.0,5.0,"http://reviews.bestbuy.com/3545/3721047/reviews.htm?format=embedded&page=10,http://reviews.bestbuy.com/3545/3721047/reviews.htm?format=embedded&page=9,http://reviews.bestbuy.com/3545/3721047/reviews.htm?format=embedded&page=7",I love the fact I can use one remote to turn everything on. I love that it's touchscreen and how it gives a lot of different options.,Awesome remote,Dannamaria1989,"https://www.amazon.com/Logitech-Ultimate-15-Device-Universal-Customizable/dp/B00IAKLM54/,http://www.walmart.com/ip/Logitech-Harmony-Ultimate-One/43195625,https://www.amazon.com/Logitech-915-000224-15-Device-Universal-Customizable/dp/B00IAKLM54/,https://www.walmart.com/ip/Logitech-Harmony-Ultimate-One/43195625,https://www.bhphotovideo.com/c/product/1054590-REG/harmony_logitech_915_000224_harmony_ultimate_one_remote.html,https://www.amazon.com/Logitech-915-000224-Harmony-Ultimate-One/dp/B00IAKLM54/,http://www.amazon.com/Logitech-Harmony-Ultimate-Customizable-915-000224/dp/B00IAKLM54,http://www.amazon.ca/product-reviews/B00IAKLM54,http://www.amazon.ca/Logitech-Harmony-Ultimate-Customizable-915-000224/dp/B00IAKLM54,https://www.amazon.com/product-reviews/B00IAKLM54/,https://www.ebay.com/urw/product-reviews/530090991?_itm=253099154595,https://www.bestbuy.com/site/logitech-harmony-ultimate-one-15-device-universal-remote-black/3721047.p?skuId=3721047,http://reviews.bestbuy.com/3545/3721047/reviews.htm?format=embedded,https://www.ebay.com/urw/product-reviews/530090991?_itm=111448285620,http://reviews.bestbuy.com/3545/3721047/reviews.htm?format=embedded&page=90,http://reviews.bestbuy.com/3545/3721047/reviews.htm?format=embedded&page=100,http://reviews.bestbuy.com/3545/3721047/reviews.htm?format=embedded&page=101,http://reviews.bestbuy.com/3545/3721047/reviews.htm?format=embedded&page=99,http://reviews.bestbuy.com/3545/3721047/reviews.htm?format=embedded&page=95,http://reviews.bestbuy.com/3545/3721047/reviews.htm?format=embedded&page=96,http://reviews.bestbuy.com/3545/3721047/reviews.htm?format=embedded&page=98,http://reviews.bestbuy.com/3545/3721047/reviews.htm?format=embedded&page=93,http://reviews.bestbuy.com/3545/3721047/reviews.htm?format=embedded&page=97,http://reviews.bestbuy.com/3545/3721047/reviews.htm?format=embedded&page=87,http://reviews.bestbuy.com/3545/3721047/reviews.htm?format=embedded&page=94,http://reviews.bestbuy.com/3545/3721047/reviews.htm?format=embedded&page=92,http://reviews.bestbuy.com/3545/3721047/reviews.htm?format=embedded&page=89,http://reviews.bestbuy.com/3545/3721047/reviews.htm?format=embedded&page=91,http://reviews.bestbuy.com/3545/3721047/reviews.htm?format=embedded&page=88,http://reviews.bestbuy.com/3545/3721047/reviews.htm?format=embedded&page=83,http://reviews.bestbuy.com/3545/3721047/reviews.htm?format=embedded&page=86,http://reviews.bestbuy.com/3545/3721047/reviews.htm?format=embedded&page=85,http://reviews.bestbuy.com/3545/3721047/reviews.htm?format=embedded&page=84,http://reviews.bestbuy.com/3545/3721047/reviews.htm?format=embedded&page=81,http://reviews.bestbuy.com/3545/3721047/reviews.htm?format=embedded&page=82,http://reviews.bestbuy.com/3545/3721047/reviews.htm?format=embedded&page=74,http://reviews.bestbuy.com/3545/3721047/reviews.htm?format=embedded&page=75,http://reviews.bestbuy.com/3545/3721047/reviews.htm?format=embedded&page=80,http://reviews.bestbuy.com/3545/3721047/reviews.htm?format=embedded&page=77,http://reviews.bestbuy.com/3545/3721047/reviews.htm?format=embedded&page=73,http://reviews.bestbuy.com/3545/3721047/reviews.htm?format=embedded&page=78,http://reviews.bestbuy.com/3545/3721047/reviews.htm?format=embedded&page=79,http://reviews.bestbuy.com/3545/3721047/reviews.htm?format=embedded&page=76,http://reviews.bestbuy.com/3545/3721047/reviews.htm?format=embedded&page=72,http://reviews.bestbuy.com/3545/3721047/reviews.htm?format=embedded&page=69,http://reviews.bestbuy.com/3545/3721047/reviews.htm?format=embedded&page=68,http://reviews.bestbuy.com/3545/3721047/reviews.htm?format=embedded&page=70,http://reviews.bestbuy.com/3545/3721047/reviews.htm?format=embedded&page=67,http://reviews.bestbuy.com/3545/3721047/reviews.htm?format=embedded&page=71,http://reviews.bestbuy.com/3545/3721047/reviews.htm?format=embedded&page=63,http://reviews.bestbuy.com/3545/3721047/reviews.htm?format=embedded&page=65,http://reviews.bestbuy.com/3545/3721047/reviews.htm?format=embedded&page=62,http://reviews.bestbuy.com/3545/3721047/reviews.htm?format=embedded&page=64,http://reviews.bestbuy.com/3545/3721047/reviews.htm?format=embedded&page=60,http://reviews.bestbuy.com/3545/3721047/reviews.htm?format=embedded&page=57,http://reviews.bestbuy.com/3545/3721047/reviews.htm?format=embedded&page=66,http://reviews.bestbuy.com/3545/3721047/reviews.htm?format=embedded&page=54,http://reviews.bestbuy.com/3545/3721047/reviews.htm?format=embedded&page=61,http://reviews.bestbuy.com/3545/3721047/reviews.htm?format=embedded&page=59,http://reviews.bestbuy.com/3545/3721047/reviews.htm?format=embedded&page=56,http://reviews.bestbuy.com/3545/3721047/reviews.htm?format=embedded&page=58,http://reviews.bestbuy.com/3545/3721047/reviews.htm?format=embedded&page=55,http://reviews.bestbuy.com/3545/3721047/reviews.htm?format=embedded&page=49,http://reviews.bestbuy.com/3545/3721047/reviews.htm?format=embedded&page=52,http://reviews.bestbuy.com/3545/3721047/reviews.htm?format=embedded&page=50,http://reviews.bestbuy.com/3545/3721047/reviews.htm?format=embedded&page=48,http://reviews.bestbuy.com/3545/3721047/reviews.htm?format=embedded&page=51,http://reviews.bestbuy.com/3545/3721047/reviews.htm?format=embedded&page=53,http://reviews.bestbuy.com/3545/3721047/reviews.htm?format=embedded&page=46,http://reviews.bestbuy.com/3545/3721047/reviews.htm?format=embedded&page=45,http://reviews.bestbuy.com/3545/3721047/reviews.htm?format=embedded&page=40,http://reviews.bestbuy.com/3545/3721047/reviews.htm?format=embedded&page=39,http://reviews.bestbuy.com/3545/3721047/reviews.htm?format=embedded&page=47,http://reviews.bestbuy.com/3545/3721047/reviews.htm?format=embedded&page=44,http://reviews.bestbuy.com/3545/3721047/reviews.htm?format=embedded&page=41,http://reviews.bestbuy.com/3545/3721047/reviews.htm?format=embedded&page=43,http://reviews.bestbuy.com/3545/3721047/reviews.htm?format=embedded&page=42,http://reviews.bestbuy.com/3545/3721047/reviews.htm?format=embedded&page=37,http://reviews.bestbuy.com/3545/3721047/reviews.htm?format=embedded&page=35,http://reviews.bestbuy.com/3545/3721047/reviews.htm?format=embedded&page=33,http://reviews.bestbuy.com/3545/3721047/reviews.htm?format=embedded&page=28,http://reviews.bestbuy.com/3545/3721047/reviews.htm?format=embedded&page=32,http://reviews.bestbuy.com/3545/3721047/reviews.htm?format=embedded&page=34,http://reviews.bestbuy.com/3545/3721047/reviews.htm?format=embedded&page=38,http://reviews.bestbuy.com/3545/3721047/reviews.htm?format=embedded&page=36,http://reviews.bestbuy.com/3545/3721047/reviews.htm?format=embedded&page=31,http://reviews.bestbuy.com/3545/3721047/reviews.htm?format=embedded&page=27,http://reviews.bestbuy.com/3545/3721047/reviews.htm?format=embedded&page=29,http://reviews.bestbuy.com/3545/3721047/reviews.htm?format=embedded&page=30,http://reviews.bestbuy.com/3545/3721047/reviews.htm?format=embedded&page=26,http://reviews.bestbuy.com/3545/3721047/reviews.htm?format=embedded&page=23,http://reviews.bestbuy.com/3545/3721047/reviews.htm?format=embedded&page=24,http://reviews.bestbuy.com/3545/3721047/reviews.htm?format=embedded&page=25,http://reviews.bestbuy.com/3545/3721047/reviews.htm?format=embedded&page=22,http://reviews.bestbuy.com/3545/3721047/reviews.htm?format=embedded&page=21,http://reviews.bestbuy.com/3545/3721047/reviews.htm?format=embedded&page=20,http://reviews.bestbuy.com/3545/3721047/reviews.htm?format=embedded&page=11,http://reviews.bestbuy.com/3545/3721047/reviews.htm?format=embedded&page=19,http://reviews.bestbuy.com/3545/3721047/reviews.htm?format=embedded&page=17,http://reviews.bestbuy.com/3545/3721047/reviews.htm?format=embedded&page=10,http://reviews.bestbuy.com/3545/3721047/reviews.htm?format=embedded&page=15,http://reviews.bestbuy.com/3545/3721047/reviews.htm?format=embedded&page=18,http://reviews.bestbuy.com/3545/3721047/reviews.htm?format=embedded&page=16,http://reviews.bestbuy.com/3545/3721047/reviews.htm?format=embedded&page=14,http://reviews.bestbuy.com/3545/3721047/reviews.htm?format=embedded&page=9,http://reviews.bestbuy.com/3545/3721047/reviews.htm?format=embedded&page=12,http://reviews.bestbuy.com/3545/3721047/reviews.htm?format=embedded&page=13,http://reviews.bestbuy.com/3545/3721047/reviews.htm?format=embedded&page=8,http://reviews.bestbuy.com/3545/3721047/reviews.htm?format=embedded&page=4,http://reviews.bestbuy.com/3545/3721047/reviews.htm?format=embedded&page=5,http://reviews.bestbuy.com/3545/3721047/reviews.htm?format=embedded&page=3,http://reviews.bestbuy.com/3545/3721047/reviews.htm?format=embedded&page=6,http://reviews.bestbuy.com/3545/3721047/reviews.htm?format=embedded&page=7,http://reviews.bestbuy.com/3545/3721047/reviews.htm?format=embedded&page=2,http://reviews.bestbuy.com/3545/3721047/reviews.htm?format=embedded&page=124,http://reviews.bestbuy.com/3545/3721047/reviews.htm?format=embedded&page=123,http://reviews.bestbuy.com/3545/3721047/reviews.htm?format=embedded&page=115,http://reviews.bestbuy.com/3545/3721047/reviews.htm?format=embedded&page=118,http://reviews.bestbuy.com/3545/3721047/reviews.htm?format=embedded&page=122,http://reviews.bestbuy.com/3545/3721047/reviews.htm?format=embedded&page=111,http://reviews.bestbuy.com/3545/3721047/reviews.htm?format=embedded&page=121,http://reviews.bestbuy.com/3545/3721047/reviews.htm?format=embedded&page=119,http://reviews.bestbuy.com/3545/3721047/reviews.htm?format=embedded&page=120,http://reviews.bestbuy.com/3545/3721047/reviews.htm?format=embedded&page=116,http://reviews.bestbuy.com/3545/3721047/reviews.htm?format=embedded&page=117,http://reviews.bestbuy.com/3545/3721047/reviews.htm?format=embedded&page=112,http://reviews.bestbuy.com/3545/3721047/reviews.htm?format=embedded&page=110,http://reviews.bestbuy.com/3545/3721047/reviews.htm?format=embedded&page=113,http://reviews.bestbuy.com/3545/3721047/reviews.htm?format=embedded&page=106,http://reviews.bestbuy.com/3545/3721047/reviews.htm?format=embedded&page=114,http://reviews.bestbuy.com/3545/3721047/reviews.htm?format=embedded&page=105,http://reviews.bestbuy.com/3545/3721047/reviews.htm?format=embedded&page=108,http://reviews.bestbuy.com/3545/3721047/reviews.htm?format=embedded&page=107,http://reviews.bestbuy.com/3545/3721047/reviews.htm?format=embedded&page=109,http://reviews.bestbuy.com/3545/3721047/reviews.htm?format=embedded&page=103,http://reviews.bestbuy.com/3545/3721047/reviews.htm?format=embedded&page=104,http://reviews.bestbuy.com/3545/3721047/reviews.htm?format=embedded&page=102,https://www.barcodable.com/upc/097855100818,http://www.ebay.com/itm/Logitech-Harmony-Ultimate-One-IR-Remote-with-Customizable-Touch-Screen-Control/111448285620,https://www.amazon.com/Logitech-Harmony-Ultimate-Customizable-Control/dp/B00IAKLM54/,http://www.bestbuy.com/site/logitech-harmony-ultimate-one-15-device-universal-remote-black/3721047.p?skuId=3721047,https://www.upccodesearch.com/upc/097855100818",97855100818.0,1.7 pounds,I love the fact I can use one remote to turn everything on. I love that it's touchscreen and how it gives a lot of different options.,i love the fact i can use one remote to turn everything on i love that it's touchscreen and how it gives a lot of different options,27,2,5,0,0,"| Aspect | Sentiment | Evidence |
|---|---|---|
| Using one remote to turn everything on | Positive | “use one remote to turn everything on” |
| Touchscreen | Positive | “I love that it’s touchscreen” |
| Variety of options | Positive | “gives a lot of different options” |"
AVpgfP3DilAPnD_xtG3M,B00IAKLM54,Logitech,"Electronics,Accessories & Supplies,Audio & Video Accessories,Remote Controls & Accessories,TV & Video,TV Accessories,Remote Controls,TVs Entertainment,General Accessories,Accessories,Consumer Electronics,TV, Video & Home Audio,TV, Video & Audio Accessories,See more Logitech Harmony Ultimate One IR Remote With C...,TV Remote Controls,TV & Home Theater,TV & Home Theater Accessories,Universal Remote Controls,Stereo Accessories,Electronics Features",Black,2015-05-18T12:55:52Z,2018-03-23T17:22:18Z,2.2 x 1.2 x 7.3 inches,97855100818.0,"https://images-na.ssl-images-amazon.com/images/I/71Od-jmcj2L._SL1500_.jpg,https://images-na.ssl-images-amazon.com/images/I/71goDBwf7rL._SL1500_.jpg,https://images-na.ssl-images-amazon.com/images/I/81tsOIAPSsL._SL1500_.jpg,https://i5.walmartimages.com/asr/e2b50402-0eed-4655-95cd-3898c4f76644_1.bc1b4557d7da4de944dd1fddc68ffd85.jpeg?odnHeight=450&odnWidth=450&odnBg=FFFFFF,https://i5.walmartimages.com/asr/53b96568-b5e4-4759-9b41-39e50572223e_1.8689fe8944c78587bcc68ca1f7e6545a.jpeg?odnHeight=450&odnWidth=450&odnBg=FFFFFF,https://static.bhphoto.com/images/smallimages/1403708763000_1054590.jpg,https://static.bhphoto.com/images/images500x500/harmony_logitech_915_000224_harmony_ultimate_one_remote_1403708763000_1054590.jpg,http://ecx.images-amazon.com/images/I/41EVxhoieBL._SS40_.jpg,http://ecx.images-amazon.com/images/I/41EVxhoieBL._SY300_QL70_.jpg,http://ecx.images-amazon.com/images/I/41To8F4LA-L._SS40_.jpg,http://ecx.images-amazon.com/images/I/41zWqLD1LmL._SS40_.jpg,https://pisces.bbystatic.com/image2/BestBuy_US/images/products/3721/3721047_sa.jpg,https://images-na.ssl-images-amazon.com/images/I/41EVxhoieBL.jpg,https://www.barcodable.com/images/barcode/0097855100818.png,http://i.ebayimg.com/thumbs/images/g/vCMAAOSwTLxZigVT/s-l96.jpg,http://i.ebayimg.com/thumbs/images/g/2Z4AAOSwBWdZodz~/s-l96.jpg,http://i.ebayimg.com/thumbs/images/g/J-MAAOSwoydWpVUM/s-l96.jpg,http://i.ebayimg.com/thumbs/images/g/IDQAAOSwXXxZXluq/s-l96.jpg,http://i.ebayimg.com/thumbs/images/g/7HgAAOSwAExZoavp/s-l96.jpg,https://i.ebayimg.com/images/g/3aYAAOSw7NNUACeR/s-l300.jpg,http://i.ebayimg.com/images/g/3aYAAOSw7NNUACeR/s-l64.jpg,http://i.ebayimg.com/images/g/DMgAAOSwd4tUACeS/s-l64.jpg,http://i.ebayimg.com/00/z/380AAOSwAF5UaWGs/$_10.png,https://www.upccodesearch.com/images/barcode/0097855100818.png","logitech/915000224,logitech915000224harmonyultimateone15deviceuniversalinfraredremotewithcustomizabletouchscreencontrolblack/111448285620,logitech915000224harmonyultimateone15deviceuniversalinfraredremotewithcustomizabletouchscreencontrolblack/b00iaklm54,097855100818,0097855100818,logitech915000224harmonyultimateone15deviceuniversalinfraredremotewithcustomizabletouchscreencontrolblack/553645002,logitech915000224harmonyultimateone15deviceuniversalinfraredremotewithcustomizabletouchscreencontrolblack/3721047,logitech915000224harmonyultimateone15deviceuniversalinfraredremotewithcustomizabletouchscreencontrolblack/hahuor",Logitech,915-000224,Logitech 915-000224  Harmony Ultimate One 15-Device Universal Infrared Remote with Customizable Touch Screen Control - Black,Electronics,2015-06-30T00:00:00.000Z,2017-11-29T00:00:00Z,,,5.0,https://www.amazon.com/product-reviews/B00IAKLM54/,"I owned 2 Harmony One and this is my 3rd Logitech, after 1 month of usage, I can say that this is really an improvement over the Harmony One, this Ultimate One responds faster, feels like you use the stock remote, the touch screen is perfect, you can set up the activity of the touch gesture like a smart phone (like Activator on jailbroken iPhone)The new software My Harmony is also an unbelievable upgrade over the old one.However, if the remote support Unicode to use in other country like me (Vietnam), it will be perfect, besides the screen is also quite small when the words are big, sometime you can not name your devices in full",feels like you use the stock remote,"ByThanh, C.","https://www.amazon.com/Logitech-Ultimate-15-Device-Universal-Customizable/dp/B00IAKLM54/,http://www.walmart.com/ip/Logitech-Harmony-Ultimate-One/43195625,https://www.amazon.com/Logitech-915-000224-15-Device-Universal-Customizable/dp/B00IAKLM54/,https://www.walmart.com/ip/Logitech-Harmony-Ultimate-One/43195625,https://www.bhphotovideo.com/c/product/1054590-REG/harmony_logitech_915_000224_harmony_ultimate_one_remote.html,https://www.amazon.com/Logitech-915-000224-Harmony-Ultimate-One/dp/B00IAKLM54/,http://www.amazon.com/Logitech-Harmony-Ultimate-Customizable-915-000224/dp/B00IAKLM54,http://www.amazon.ca/product-reviews/B00IAKLM54,http://www.amazon.ca/Logitech-Harmony-Ultimate-Customizable-915-000224/dp/B00IAKLM54,https://www.amazon.com/product-reviews/B00IAKLM54/,https://www.ebay.com/urw/product-reviews/530090991?_itm=253099154595,https://www.bestbuy.com/site/logitech-harmony-ultimate-one-15-device-universal-remote-black/3721047.p?skuId=3721047,http://reviews.bestbuy.com/3545/3721047/reviews.htm?format=embedded,https://www.ebay.com/urw/product-reviews/530090991?_itm=111448285620,http://reviews.bestbuy.com/3545/3721047/reviews.htm?format=embedded&page=90,http://reviews.bestbuy.com/3545/3721047/reviews.htm?format=embedded&page=100,http://reviews.bestbuy.com/3545/3721047/reviews.htm?format=embedded&page=101,http://reviews.bestbuy.com/3545/3721047/reviews.htm?format=embedded&page=99,http://reviews.bestbuy.com/3545/3721047/reviews.htm?format=embedded&page=95,http://reviews.bestbuy.com/3545/3721047/reviews.htm?format=embedded&page=96,http://reviews.bestbuy.com/3545/3721047/reviews.htm?format=embedded&page=98,http://reviews.bestbuy.com/3545/3721047/reviews.htm?format=embedded&page=93,http://reviews.bestbuy.com/3545/3721047/reviews.htm?format=embedded&page=97,http://reviews.bestbuy.com/3545/3721047/reviews.htm?format=embedded&page=87,http://reviews.bestbuy.com/3545/3721047/reviews.htm?format=embedded&page=94,http://reviews.bestbuy.com/3545/3721047/reviews.htm?format=embedded&page=92,http://reviews.bestbuy.com/3545/3721047/reviews.htm?format=embedded&page=89,http://reviews.bestbuy.com/3545/3721047/reviews.htm?format=embedded&page=91,http://reviews.bestbuy.com/3545/3721047/reviews.htm?format=embedded&page=88,http://reviews.bestbuy.com/3545/3721047/reviews.htm?format=embedded&page=83,http://reviews.bestbuy.com/3545/3721047/reviews.htm?format=embedded&page=86,http://reviews.bestbuy.com/3545/3721047/reviews.htm?format=embedded&page=85,http://reviews.bestbuy.com/3545/3721047/reviews.htm?format=embedded&page=84,http://reviews.bestbuy.com/3545/3721047/reviews.htm?format=embedded&page=81,http://reviews.bestbuy.com/3545/3721047/reviews.htm?format=embedded&page=82,http://reviews.bestbuy.com/3545/3721047/reviews.htm?format=embedded&page=74,http://reviews.bestbuy.com/3545/3721047/reviews.htm?format=embedded&page=75,http://reviews.bestbuy.com/3545/3721047/reviews.htm?format=embedded&page=80,http://reviews.bestbuy.com/3545/3721047/reviews.htm?format=embedded&page=77,http://reviews.bestbuy.com/3545/3721047/reviews.htm?format=embedded&page=73,http://reviews.bestbuy.com/3545/3721047/reviews.htm?format=embedded&page=78,http://reviews.bestbuy.com/3545/3721047/reviews.htm?format=embedded&page=79,http://reviews.bestbuy.com/3545/3721047/reviews.htm?format=embedded&page=76,http://reviews.bestbuy.com/3545/3721047/reviews.htm?format=embedded&page=72,http://reviews.bestbuy.com/3545/3721047/reviews.htm?format=embedded&page=69,http://reviews.bestbuy.com/3545/3721047/reviews.htm?format=embedded&page=68,http://reviews.bestbuy.com/3545/3721047/reviews.htm?format=embedded&page=70,http://reviews.bestbuy.com/3545/3721047/reviews.htm?format=embedded&page=67,http://reviews.bestbuy.com/3545/3721047/reviews.htm?format=embedded&page=71,http://reviews.bestbuy.com/3545/3721047/reviews.htm?format=embedded&page=63,http://reviews.bestbuy.com/3545/3721047/reviews.htm?format=embedded&page=65,http://reviews.bestbuy.com/3545/3721047/reviews.htm?format=embedded&page=62,http://reviews.bestbuy.com/3545/3721047/reviews.htm?format=embedded&page=64,http://reviews.bestbuy.com/3545/3721047/reviews.htm?format=embedded&page=60,http://reviews.bestbuy.com/3545/3721047/reviews.htm?format=embedded&page=57,http://reviews.bestbuy.com/3545/3721047/reviews.htm?format=embedded&page=66,http://reviews.bestbuy.com/3545/3721047/reviews.htm?format=embedded&page=54,http://reviews.bestbuy.com/3545/3721047/reviews.htm?format=embedded&page=61,http://reviews.bestbuy.com/3545/3721047/reviews.htm?format=embedded&page=59,http://reviews.bestbuy.com/3545/3721047/reviews.htm?format=embedded&page=56,http://reviews.bestbuy.com/3545/3721047/reviews.htm?format=embedded&page=58,http://reviews.bestbuy.com/3545/3721047/reviews.htm?format=embedded&page=55,http://reviews.bestbuy.com/3545/3721047/reviews.htm?format=embedded&page=49,http://reviews.bestbuy.com/3545/3721047/reviews.htm?format=embedded&page=52,http://reviews.bestbuy.com/3545/3721047/reviews.htm?format=embedded&page=50,http://reviews.bestbuy.com/3545/3721047/reviews.htm?format=embedded&page=48,http://reviews.bestbuy.com/3545/3721047/reviews.htm?format=embedded&page=51,http://reviews.bestbuy.com/3545/3721047/reviews.htm?format=embedded&page=53,http://reviews.bestbuy.com/3545/3721047/reviews.htm?format=embedded&page=46,http://reviews.bestbuy.com/3545/3721047/reviews.htm?format=embedded&page=45,http://reviews.bestbuy.com/3545/3721047/reviews.htm?format=embedded&page=40,http://reviews.bestbuy.com/3545/3721047/reviews.htm?format=embedded&page=39,http://reviews.bestbuy.com/3545/3721047/reviews.htm?format=embedded&page=47,http://reviews.bestbuy.com/3545/3721047/reviews.htm?format=embedded&page=44,http://reviews.bestbuy.com/3545/3721047/reviews.htm?format=embedded&page=41,http://reviews.bestbuy.com/3545/3721047/reviews.htm?format=embedded&page=43,http://reviews.bestbuy.com/3545/3721047/reviews.htm?format=embedded&page=42,http://reviews.bestbuy.com/3545/3721047/reviews.htm?format=embedded&page=37,http://reviews.bestbuy.com/3545/3721047/reviews.htm?format=embedded&page=35,http://reviews.bestbuy.com/3545/3721047/reviews.htm?format=embedded&page=33,http://reviews.bestbuy.com/3545/3721047/reviews.htm?format=embedded&page=28,http://reviews.bestbuy.com/3545/3721047/reviews.htm?format=embedded&page=32,http://reviews.bestbuy.com/3545/3721047/reviews.htm?format=embedded&page=34,http://reviews.bestbuy.com/3545/3721047/reviews.htm?format=embedded&page=38,http://reviews.bestbuy.com/3545/3721047/reviews.htm?format=embedded&page=36,http://reviews.bestbuy.com/3545/3721047/reviews.htm?format=embedded&page=31,http://reviews.bestbuy.com/3545/3721047/reviews.htm?format=embedded&page=27,http://reviews.bestbuy.com/3545/3721047/reviews.htm?format=embedded&page=29,http://reviews.bestbuy.com/3545/3721047/reviews.htm?format=embedded&page=30,http://reviews.bestbuy.com/3545/3721047/reviews.htm?format=embedded&page=26,http://reviews.bestbuy.com/3545/3721047/reviews.htm?format=embedded&page=23,http://reviews.bestbuy.com/3545/3721047/reviews.htm?format=embedded&page=24,http://reviews.bestbuy.com/3545/3721047/reviews.htm?format=embedded&page=25,http://reviews.bestbuy.com/3545/3721047/reviews.htm?format=embedded&page=22,http://reviews.bestbuy.com/3545/3721047/reviews.htm?format=embedded&page=21,http://reviews.bestbuy.com/3545/3721047/reviews.htm?format=embedded&page=20,http://reviews.bestbuy.com/3545/3721047/reviews.htm?format=embedded&page=11,http://reviews.bestbuy.com/3545/3721047/reviews.htm?format=embedded&page=19,http://reviews.bestbuy.com/3545/3721047/reviews.htm?format=embedded&page=17,http://reviews.bestbuy.com/3545/3721047/reviews.htm?format=embedded&page=10,http://reviews.bestbuy.com/3545/3721047/reviews.htm?format=embedded&page=15,http://reviews.bestbuy.com/3545/3721047/reviews.htm?format=embedded&page=18,http://reviews.bestbuy.com/3545/3721047/reviews.htm?format=embedded&page=16,http://reviews.bestbuy.com/3545/3721047/reviews.htm?format=embedded&page=14,http://reviews.bestbuy.com/3545/3721047/reviews.htm?format=embedded&page=9,http://reviews.bestbuy.com/3545/3721047/reviews.htm?format=embedded&page=12,http://reviews.bestbuy.com/3545/3721047/reviews.htm?format=embedded&page=13,http://reviews.bestbuy.com/3545/3721047/reviews.htm?format=embedded&page=8,http://reviews.bestbuy.com/3545/3721047/reviews.htm?format=embedded&page=4,http://reviews.bestbuy.com/3545/3721047/reviews.htm?format=embedded&page=5,http://reviews.bestbuy.com/3545/3721047/reviews.htm?format=embedded&page=3,http://reviews.bestbuy.com/3545/3721047/reviews.htm?format=embedded&page=6,http://reviews.bestbuy.com/3545/3721047/reviews.htm?format=embedded&page=7,http://reviews.bestbuy.com/3545/3721047/reviews.htm?format=embedded&page=2,http://reviews.bestbuy.com/3545/3721047/reviews.htm?format=embedded&page=124,http://reviews.bestbuy.com/3545/3721047/reviews.htm?format=embedded&page=123,http://reviews.bestbuy.com/3545/3721047/reviews.htm?format=embedded&page=115,http://reviews.bestbuy.com/3545/3721047/reviews.htm?format=embedded&page=118,http://reviews.bestbuy.com/3545/3721047/reviews.htm?format=embedded&page=122,http://reviews.bestbuy.com/3545/3721047/reviews.htm?format=embedded&page=111,http://reviews.bestbuy.com/3545/3721047/reviews.htm?format=embedded&page=121,http://reviews.bestbuy.com/3545/3721047/reviews.htm?format=embedded&page=119,http://reviews.bestbuy.com/3545/3721047/reviews.htm?format=embedded&page=120,http://reviews.bestbuy.com/3545/3721047/reviews.htm?format=embedded&page=116,http://reviews.bestbuy.com/3545/3721047/reviews.htm?format=embedded&page=117,http://reviews.bestbuy.com/3545/3721047/reviews.htm?format=embedded&page=112,http://reviews.bestbuy.com/3545/3721047/reviews.htm?format=embedded&page=110,http://reviews.bestbuy.com/3545/3721047/reviews.htm?format=embedded&page=113,http://reviews.bestbuy.com/3545/3721047/reviews.htm?format=embedded&page=106,http://reviews.bestbuy.com/3545/3721047/reviews.htm?format=embedded&page=114,http://reviews.bestbuy.com/3545/3721047/reviews.htm?format=embedded&page=105,http://reviews.bestbuy.com/3545/3721047/reviews.htm?format=embedded&page=108,http://reviews.bestbuy.com/3545/3721047/reviews.htm?format=embedded&page=107,http://reviews.bestbuy.com/3545/3721047/reviews.htm?format=embedded&page=109,http://reviews.bestbuy.com/3545/3721047/reviews.htm?format=embedded&page=103,http://reviews.bestbuy.com/3545/3721047/reviews.htm?format=embedded&page=104,http://reviews.bestbuy.com/3545/3721047/reviews.htm?format=embedded&page=102,https://www.barcodable.com/upc/097855100818,http://www.ebay.com/itm/Logitech-Harmony-Ultimate-One-IR-Remote-with-Customizable-Touch-Screen-Control/111448285620,https://www.amazon.com/Logitech-Harmony-Ultimate-Customizable-Control/dp/B00IAKLM54/,http://www.bestbuy.com/site/logitech-harmony-ultimate-one-15-device-universal-remote-black/3721047.p?skuId=3721047,https://www.upccodesearch.com/upc/097855100818",97855100818.0,1.7 pounds,"I owned 2 Harmony One and this is my 3rd Logitech, after 1 month of usage, I can say that this is really an improvement over the Harmony One, this Ultimate One responds faster, feels like you use the stock remote, the touch screen is perfect, you can set up the activity of the touch gesture like a smart phone (like Activator on jailbroken iPhone)The new software My Harmony is also an unbelievable upgrade over the old one.However, if the remote support Unicode to use in other country like me (Vietnam), it will be perfect, besides the screen is also quite small when the words are big, sometime you can not name your devices in full",i owned 2 harmony one and this is my 3rd logitech after 1 month of usage i can say that this is really an improvement over the harmony one this ultimate one responds faster feels like you use the stock remote the touch screen is perfect you can set up the activity of the touch gesture like a smart phone like activator on jailbroken iphone the new software my harmony is also an unbelievable upgrade over the old one however if the remote support unicode to use in other country like me vietnam it will be perfect besides the screen is also quite small when the words are big sometime you can not name your devices in full,118,3,2,0,0,"| Aspect | Sentiment | Evidence |
|---|---|---|
| Response speed | Positive | “responds faster” |
| Remote feel | Positive | “feels like you use the stock remote” |
| Touchscreen | Positive | “the touch screen is perfect” |
| Touch gesture customization | Positive | “set up the activity of the touch gesture” |
| My Harmony software | Positive | “an unbelievable upgrade over the old one” |
| Unicode support | Negative | “if the remote support Unicode… it will be perfect” |
| Screen size | Negative | “the screen is also quite small when the words are big” |
| Device naming | Negative | “sometimes you can not name your devices in full” |"
AVpgfP3DilAPnD_xtG3M,B00IAKLM54,Logitech,"Electronics,Accessories & Supplies,Audio & Video Accessories,Remote Controls & Accessories,TV & Video,TV Accessories,Remote Controls,TVs Entertainment,General Accessories,Accessories,Consumer Electronics,TV, Video & Home Audio,TV, Video & Audio Accessories,See more Logitech Harmony Ultimate One IR Remote With C...,TV Remote Controls,TV & Home Theater,TV & Home Theater Accessories,Universal Remote Controls,Stereo Accessories,Electronics Features",Black,2015-05-18T12:55:52Z,2018-03-23T17:22:18Z,2.2 x 1.2 x 7.3 inches,97855100818.0,"https://images-na.ssl-images-amazon.com/images/I/71Od-jmcj2L._SL1500_.jpg,https://images-na.ssl-images-amazon.com/images/I/71goDBwf7rL._SL1500_.jpg,https://images-na.ssl-images-amazon.com/images/I/81tsOIAPSsL._SL1500_.jpg,https://i5.walmartimages.com/asr/e2b50402-0eed-4655-95cd-3898c4f76644_1.bc1b4557d7da4de944dd1fddc68ffd85.jpeg?odnHeight=450&odnWidth=450&odnBg=FFFFFF,https://i5.walmartimages.com/asr/53b96568-b5e4-4759-9b41-39e50572223e_1.8689fe8944c78587bcc68ca1f7e6545a.jpeg?odnHeight=450&odnWidth=450&odnBg=FFFFFF,https://static.bhphoto.com/images/smallimages/1403708763000_1054590.jpg,https://static.bhphoto.com/images/images500x500/harmony_logitech_915_000224_harmony_ultimate_one_remote_1403708763000_1054590.jpg,http://ecx.images-amazon.com/images/I/41EVxhoieBL._SS40_.jpg,http://ecx.images-amazon.com/images/I/41EVxhoieBL._SY300_QL70_.jpg,http://ecx.images-amazon.com/images/I/41To8F4LA-L._SS40_.jpg,http://ecx.images-amazon.com/images/I/41zWqLD1LmL._SS40_.jpg,https://pisces.bbystatic.com/image2/BestBuy_US/images/products/3721/3721047_sa.jpg,https://images-na.ssl-images-amazon.com/images/I/41EVxhoieBL.jpg,https://www.barcodable.com/images/barcode/0097855100818.png,http://i.ebayimg.com/thumbs/images/g/vCMAAOSwTLxZigVT/s-l96.jpg,http://i.ebayimg.com/thumbs/images/g/2Z4AAOSwBWdZodz~/s-l96.jpg,http://i.ebayimg.com/thumbs/images/g/J-MAAOSwoydWpVUM/s-l96.jpg,http://i.ebayimg.com/thumbs/images/g/IDQAAOSwXXxZXluq/s-l96.jpg,http://i.ebayimg.com/thumbs/images/g/7HgAAOSwAExZoavp/s-l96.jpg,https://i.ebayimg.com/images/g/3aYAAOSw7NNUACeR/s-l300.jpg,http://i.ebayimg.com/images/g/3aYAAOSw7NNUACeR/s-l64.jpg,http://i.ebayimg.com/images/g/DMgAAOSwd4tUACeS/s-l64.jpg,http://i.ebayimg.com/00/z/380AAOSwAF5UaWGs/$_10.png,https://www.upccodesearch.com/images/barcode/0097855100818.png","logitech/915000224,logitech915000224harmonyultimateone15deviceuniversalinfraredremotewithcustomizabletouchscreencontrolblack/111448285620,logitech915000224harmonyultimateone15deviceuniversalinfraredremotewithcustomizabletouchscreencontrolblack/b00iaklm54,097855100818,0097855100818,logitech915000224harmonyultimateone15deviceuniversalinfraredremotewithcustomizabletouchscreencontrolblack/553645002,logitech915000224harmonyultimateone15deviceuniversalinfraredremotewithcustomizabletouchscreencontrolblack/3721047,logitech915000224harmonyultimateone15deviceuniversalinfraredremotewithcustomizabletouchscreencontrolblack/hahuor",Logitech,915-000224,Logitech 915-000224  Harmony Ultimate One 15-Device Universal Infrared Remote with Customizable Touch Screen Control - Black,Electronics,2015-03-09T00:00:00.000Z,2017-11-29T00:00:00Z,,,4.0,https://www.amazon.com/product-reviews/B00IAKLM54/,"Everyone in my family got tired of having 4-5 remotes to work our TV, DVD player, AppleTV, Sound system and a laptop.There was a lot of clutter, not to mention one or two were always disappearing. So I had a friend make a suggestion and he came up with this Logitech Harmony Ultimate One IR Remote with Customizable Touch Screen Control (915-000224).First, let me say that even after using computers since their inception in the early 80's I wanted no part in even trying to set this up myself.I hired a guy who's in the wiring business of audio-video, telephones etc, and he set it up. He's a pro and eventually he did get it all working, but not before having to speak to tech support on more than one occasion. It seems there was a couple of known bugs but you never get that information on the first go round. Anyway, I can say that even the most challenged (technically) member of my family can use it. i.e. No more complaining. Now, I breeze through turning everything on and off with just one remote. I like the graphic interface and the ease of its use. I love the fact that you pick it up in a dark room and it lights up automatically so you can see the interface without having to push a button first. This is a really good product. In a sense it is a five star product, losing only one star for the set up issues.One other thing to add though, is that there are two parts to the system and, at first, I bought just the remote. I seemed to have missed the fact that you need both the IR Remote AND the Logitech 915-000238 Harmony Home Hub, so I had to buy the other part as well. Note that they are sold together as well as separately but if you buy them both in the same package, it is cheaper than buying them separately.",Everyone in my family got tired of having 4-5 remotes ...,ByR. Rothstein,"https://www.amazon.com/Logitech-Ultimate-15-Device-Universal-Customizable/dp/B00IAKLM54/,http://www.walmart.com/ip/Logitech-Harmony-Ultimate-One/43195625,https://www.amazon.com/Logitech-915-000224-15-Device-Universal-Customizable/dp/B00IAKLM54/,https://www.walmart.com/ip/Logitech-Harmony-Ultimate-One/43195625,https://www.bhphotovideo.com/c/product/1054590-REG/harmony_logitech_915_000224_harmony_ultimate_one_remote.html,https://www.amazon.com/Logitech-915-000224-Harmony-Ultimate-One/dp/B00IAKLM54/,http://www.amazon.com/Logitech-Harmony-Ultimate-Customizable-915-000224/dp/B00IAKLM54,http://www.amazon.ca/product-reviews/B00IAKLM54,http://www.amazon.ca/Logitech-Harmony-Ultimate-Customizable-915-000224/dp/B00IAKLM54,https://www.amazon.com/product-reviews/B00IAKLM54/,https://www.ebay.com/urw/product-reviews/530090991?_itm=253099154595,https://www.bestbuy.com/site/logitech-harmony-ultimate-one-15-device-universal-remote-black/3721047.p?skuId=3721047,http://reviews.bestbuy.com/3545/3721047/reviews.htm?format=embedded,https://www.ebay.com/urw/product-reviews/530090991?_itm=111448285620,http://reviews.bestbuy.com/3545/3721047/reviews.htm?format=embedded&page=90,http://reviews.bestbuy.com/3545/3721047/reviews.htm?format=embedded&page=100,http://reviews.bestbuy.com/3545/3721047/reviews.htm?format=embedded&page=101,http://reviews.bestbuy.com/3545/3721047/reviews.htm?format=embedded&page=99,http://reviews.bestbuy.com/3545/3721047/reviews.htm?format=embedded&page=95,http://reviews.bestbuy.com/3545/3721047/reviews.htm?format=embedded&page=96,http://reviews.bestbuy.com/3545/3721047/reviews.htm?format=embedded&page=98,http://reviews.bestbuy.com/3545/3721047/reviews.htm?format=embedded&page=93,http://reviews.bestbuy.com/3545/3721047/reviews.htm?format=embedded&page=97,http://reviews.bestbuy.com/3545/3721047/reviews.htm?format=embedded&page=87,http://reviews.bestbuy.com/3545/3721047/reviews.htm?format=embedded&page=94,http://reviews.bestbuy.com/3545/3721047/reviews.htm?format=embedded&page=92,http://reviews.bestbuy.com/3545/3721047/reviews.htm?format=embedded&page=89,http://reviews.bestbuy.com/3545/3721047/reviews.htm?format=embedded&page=91,http://reviews.bestbuy.com/3545/3721047/reviews.htm?format=embedded&page=88,http://reviews.bestbuy.com/3545/3721047/reviews.htm?format=embedded&page=83,http://reviews.bestbuy.com/3545/3721047/reviews.htm?format=embedded&page=86,http://reviews.bestbuy.com/3545/3721047/reviews.htm?format=embedded&page=85,http://reviews.bestbuy.com/3545/3721047/reviews.htm?format=embedded&page=84,http://reviews.bestbuy.com/3545/3721047/reviews.htm?format=embedded&page=81,http://reviews.bestbuy.com/3545/3721047/reviews.htm?format=embedded&page=82,http://reviews.bestbuy.com/3545/3721047/reviews.htm?format=embedded&page=74,http://reviews.bestbuy.com/3545/3721047/reviews.htm?format=embedded&page=75,http://reviews.bestbuy.com/3545/3721047/reviews.htm?format=embedded&page=80,http://reviews.bestbuy.com/3545/3721047/reviews.htm?format=embedded&page=77,http://reviews.bestbuy.com/3545/3721047/reviews.htm?format=embedded&page=73,http://reviews.bestbuy.com/3545/3721047/reviews.htm?format=embedded&page=78,http://reviews.bestbuy.com/3545/3721047/reviews.htm?format=embedded&page=79,http://reviews.bestbuy.com/3545/3721047/reviews.htm?format=embedded&page=76,http://reviews.bestbuy.com/3545/3721047/reviews.htm?format=embedded&page=72,http://reviews.bestbuy.com/3545/3721047/reviews.htm?format=embedded&page=69,http://reviews.bestbuy.com/3545/3721047/reviews.htm?format=embedded&page=68,http://reviews.bestbuy.com/3545/3721047/reviews.htm?format=embedded&page=70,http://reviews.bestbuy.com/3545/3721047/reviews.htm?format=embedded&page=67,http://reviews.bestbuy.com/3545/3721047/reviews.htm?format=embedded&page=71,http://reviews.bestbuy.com/3545/3721047/reviews.htm?format=embedded&page=63,http://reviews.bestbuy.com/3545/3721047/reviews.htm?format=embedded&page=65,http://reviews.bestbuy.com/3545/3721047/reviews.htm?format=embedded&page=62,http://reviews.bestbuy.com/3545/3721047/reviews.htm?format=embedded&page=64,http://reviews.bestbuy.com/3545/3721047/reviews.htm?format=embedded&page=60,http://reviews.bestbuy.com/3545/3721047/reviews.htm?format=embedded&page=57,http://reviews.bestbuy.com/3545/3721047/reviews.htm?format=embedded&page=66,http://reviews.bestbuy.com/3545/3721047/reviews.htm?format=embedded&page=54,http://reviews.bestbuy.com/3545/3721047/reviews.htm?format=embedded&page=61,http://reviews.bestbuy.com/3545/3721047/reviews.htm?format=embedded&page=59,http://reviews.bestbuy.com/3545/3721047/reviews.htm?format=embedded&page=56,http://reviews.bestbuy.com/3545/3721047/reviews.htm?format=embedded&page=58,http://reviews.bestbuy.com/3545/3721047/reviews.htm?format=embedded&page=55,http://reviews.bestbuy.com/3545/3721047/reviews.htm?format=embedded&page=49,http://reviews.bestbuy.com/3545/3721047/reviews.htm?format=embedded&page=52,http://reviews.bestbuy.com/3545/3721047/reviews.htm?format=embedded&page=50,http://reviews.bestbuy.com/3545/3721047/reviews.htm?format=embedded&page=48,http://reviews.bestbuy.com/3545/3721047/reviews.htm?format=embedded&page=51,http://reviews.bestbuy.com/3545/3721047/reviews.htm?format=embedded&page=53,http://reviews.bestbuy.com/3545/3721047/reviews.htm?format=embedded&page=46,http://reviews.bestbuy.com/3545/3721047/reviews.htm?format=embedded&page=45,http://reviews.bestbuy.com/3545/3721047/reviews.htm?format=embedded&page=40,http://reviews.bestbuy.com/3545/3721047/reviews.htm?format=embedded&page=39,http://reviews.bestbuy.com/3545/3721047/reviews.htm?format=embedded&page=47,http://reviews.bestbuy.com/3545/3721047/reviews.htm?format=embedded&page=44,http://reviews.bestbuy.com/3545/3721047/reviews.htm?format=embedded&page=41,http://reviews.bestbuy.com/3545/3721047/reviews.htm?format=embedded&page=43,http://reviews.bestbuy.com/3545/3721047/reviews.htm?format=embedded&page=42,http://reviews.bestbuy.com/3545/3721047/reviews.htm?format=embedded&page=37,http://reviews.bestbuy.com/3545/3721047/reviews.htm?format=embedded&page=35,http://reviews.bestbuy.com/3545/3721047/reviews.htm?format=embedded&page=33,http://reviews.bestbuy.com/3545/3721047/reviews.htm?format=embedded&page=28,http://reviews.bestbuy.com/3545/3721047/reviews.htm?format=embedded&page=32,http://reviews.bestbuy.com/3545/3721047/reviews.htm?format=embedded&page=34,http://reviews.bestbuy.com/3545/3721047/reviews.htm?format=embedded&page=38,http://reviews.bestbuy.com/3545/3721047/reviews.htm?format=embedded&page=36,http://reviews.bestbuy.com/3545/3721047/reviews.htm?format=embedded&page=31,http://reviews.bestbuy.com/3545/3721047/reviews.htm?format=embedded&page=27,http://reviews.bestbuy.com/3545/3721047/reviews.htm?format=embedded&page=29,http://reviews.bestbuy.com/3545/3721047/reviews.htm?format=embedded&page=30,http://reviews.bestbuy.com/3545/3721047/reviews.htm?format=embedded&page=26,http://reviews.bestbuy.com/3545/3721047/reviews.htm?format=embedded&page=23,http://reviews.bestbuy.com/3545/3721047/reviews.htm?format=embedded&page=24,http://reviews.bestbuy.com/3545/3721047/reviews.htm?format=embedded&page=25,http://reviews.bestbuy.com/3545/3721047/reviews.htm?format=embedded&page=22,http://reviews.bestbuy.com/3545/3721047/reviews.htm?format=embedded&page=21,http://reviews.bestbuy.com/3545/3721047/reviews.htm?format=embedded&page=20,http://reviews.bestbuy.com/3545/3721047/reviews.htm?format=embedded&page=11,http://reviews.bestbuy.com/3545/3721047/reviews.htm?format=embedded&page=19,http://reviews.bestbuy.com/3545/3721047/reviews.htm?format=embedded&page=17,http://reviews.bestbuy.com/3545/3721047/reviews.htm?format=embedded&page=10,http://reviews.bestbuy.com/3545/3721047/reviews.htm?format=embedded&page=15,http://reviews.bestbuy.com/3545/3721047/reviews.htm?format=embedded&page=18,http://reviews.bestbuy.com/3545/3721047/reviews.htm?format=embedded&page=16,http://reviews.bestbuy.com/3545/3721047/reviews.htm?format=embedded&page=14,http://reviews.bestbuy.com/3545/3721047/reviews.htm?format=embedded&page=9,http://reviews.bestbuy.com/3545/3721047/reviews.htm?format=embedded&page=12,http://reviews.bestbuy.com/3545/3721047/reviews.htm?format=embedded&page=13,http://reviews.bestbuy.com/3545/3721047/reviews.htm?format=embedded&page=8,http://reviews.bestbuy.com/3545/3721047/reviews.htm?format=embedded&page=4,http://reviews.bestbuy.com/3545/3721047/reviews.htm?format=embedded&page=5,http://reviews.bestbuy.com/3545/3721047/reviews.htm?format=embedded&page=3,http://reviews.bestbuy.com/3545/3721047/reviews.htm?format=embedded&page=6,http://reviews.bestbuy.com/3545/3721047/reviews.htm?format=embedded&page=7,http://reviews.bestbuy.com/3545/3721047/reviews.htm?format=embedded&page=2,http://reviews.bestbuy.com/3545/3721047/reviews.htm?format=embedded&page=124,http://reviews.bestbuy.com/3545/3721047/reviews.htm?format=embedded&page=123,http://reviews.bestbuy.com/3545/3721047/reviews.htm?format=embedded&page=115,http://reviews.bestbuy.com/3545/3721047/reviews.htm?format=embedded&page=118,http://reviews.bestbuy.com/3545/3721047/reviews.htm?format=embedded&page=122,http://reviews.bestbuy.com/3545/3721047/reviews.htm?format=embedded&page=111,http://reviews.bestbuy.com/3545/3721047/reviews.htm?format=embedded&page=121,http://reviews.bestbuy.com/3545/3721047/reviews.htm?format=embedded&page=119,http://reviews.bestbuy.com/3545/3721047/reviews.htm?format=embedded&page=120,http://reviews.bestbuy.com/3545/3721047/reviews.htm?format=embedded&page=116,http://reviews.bestbuy.com/3545/3721047/reviews.htm?format=embedded&page=117,http://reviews.bestbuy.com/3545/3721047/reviews.htm?format=embedded&page=112,http://reviews.bestbuy.com/3545/3721047/reviews.htm?format=embedded&page=110,http://reviews.bestbuy.com/3545/3721047/reviews.htm?format=embedded&page=113,http://reviews.bestbuy.com/3545/3721047/reviews.htm?format=embedded&page=106,http://reviews.bestbuy.com/3545/3721047/reviews.htm?format=embedded&page=114,http://reviews.bestbuy.com/3545/3721047/reviews.htm?format=embedded&page=105,http://reviews.bestbuy.com/3545/3721047/reviews.htm?format=embedded&page=108,http://reviews.bestbuy.com/3545/3721047/reviews.htm?format=embedded&page=107,http://reviews.bestbuy.com/3545/3721047/reviews.htm?format=embedded&page=109,http://reviews.bestbuy.com/3545/3721047/reviews.htm?format=embedded&page=103,http://reviews.bestbuy.com/3545/3721047/reviews.htm?format=embedded&page=104,http://reviews.bestbuy.com/3545/3721047/reviews.htm?format=embedded&page=102,https://www.barcodable.com/upc/097855100818,http://www.ebay.com/itm/Logitech-Harmony-Ultimate-One-IR-Remote-with-Customizable-Touch-Screen-Control/111448285620,https://www.amazon.com/Logitech-Harmony-Ultimate-Customizable-Control/dp/B00IAKLM54/,http://www.bestbuy.com/site/logitech-harmony-ultimate-one-15-device-universal-remote-black/3721047.p?skuId=3721047,https://www.upccodesearch.com/upc/097855100818",97855100818.0,1.7 pounds,"Everyone in my family got tired of having 4-5 remotes to work our TV, DVD player, AppleTV, Sound system and a laptop.There was a lot of clutter, not to mention one or two were always disappearing. So I had a friend make a suggestion and he came up with this Logitech Harmony Ultimate One IR Remote with Customizable Touch Screen Control (915-000224).First, let me say that even after using computers since their inception in the early 80's I wanted no part in even trying to set this up myself.I hired a guy who's in the wiring business of audio-video, telephones etc, and he set it up. He's a pro and eventually he did get it all working, but not before having to speak to tech support on more than one occasion. It seems there was a couple of known bugs but you never get that information on the first go round. Anyway, I can say that even the most challenged (technically) member of my family can use it. i.e. No more complaining. Now, I breeze through turning everything on and off with just one remote. I like the graphic interface and the ease of its use. I love the fact that you pick it up in a dark room and it lights up automatically so you can see the interface without having to push a button first. This is a really good product. In a sense it is a five star product, losing only one star for the set up issues.One other thing to add though, is that there are two parts to the system and, at first, I bought just the remote. I seemed to have missed the fact that you need both the IR Remote AND the Logitech 915-000238 Harmony Home Hub, so I had to buy the other part as well. Note that they are sold together as well as separately but if you buy them both in the same package, it is cheaper than buying them separately.",everyone in my family got tired of having 4 5 remotes to work our tv dvd player appletv sound system and a laptop there was a lot of clutter not to mention one or two were always disappearing so i had a friend make a suggestion and he came up with this logitech harmony ultimate one ir remote with customizable touch screen control 915 000224 first let me say that even after using computers since their inception in the early 80's i wanted no part in even trying to set this up myself i hired a guy who's in the wiring business of audio video telephones etc and he set it up he's a pro and eventually he did get it all working but not before having to speak to tech support on more than one occasion it seems there was a couple of known bugs but you never get that information on the first go round anyway i can say that even the most challenged technically member of my family can use it i e no more complaining now i breeze through turning everything on and off with just one remote i like the graphic interface and the ease of its use i love the fact that you pick it up in a dark room and it lights up automatically so you can see the interface without having to push a button first this is a really good product in a sense it is a five star product losing only one star for the set up issues one other thing to add though is that there are two parts to the system and at first i bought just the remote i seemed to have missed the fact that you need both the ir remote and the logitech 915 000238 harmony home hub so i had to buy the other part as well note that they are sold together as well as separately but if you buy them both in the same package it is cheaper than buying them separately,340,1,2,0,0,"| Aspect | Sentiment | Evidence |
|---|---|---|
| Setup process | Negative | Needed a professional, who had to contact tech support; setup issues cost it a star. |
| Setup bugs and support | Negative | The reviewer encountered “known bugs” and needed tech support more than once. |
| Ease of use | Positive | Even the least technically confident family member could use it. |
| Control with one remote | Positive | The reviewer operates everything with “just one remote.” |
| Graphic interface | Positive | “I like the graphic interface.” |
| Automatic screen lighting | Positive | It lights up when picked up in a dark room. |
| Required Harmony Home Hub | Negative | The reviewer initially missed that the hub was also needed and had to buy it separately. |
| Bundle pricing | Positive | Buying the remote and hub together is cheaper than buying them separately. |
| Overall product | Positive | The reviewer calls it “a really good product.” |"
AVpgfP3DilAPnD_xtG3M,B00IAKLM54,Logitech,"Electronics,Accessories & Supplies,Audio & Video Accessories,Remote Controls & Accessories,TV & Video,TV Accessories,Remote Controls,TVs Entertainment,General Accessories,Accessories,Consumer Electronics,TV, Video & Home Audio,TV, Video & Audio Accessories,See more Logitech Harmony Ultimate One IR Remote With C...,TV Remote Controls,TV & Home Theater,TV & Home Theater Accessories,Universal Remote Controls,Stereo Accessories,Electronics Features",Black,2015-05-18T12:55:52Z,2018-03-23T17:22:18Z,2.2 x 1.2 x 7.3 inches,97855100818.0,"https://images-na.ssl-images-amazon.com/images/I/71Od-jmcj2L._SL1500_.jpg,https://images-na.ssl-images-amazon.com/images/I/71goDBwf7rL._SL1500_.jpg,https://images-na.ssl-images-amazon.com/images/I/81tsOIAPSsL._SL1500_.jpg,https://i5.walmartimages.com/asr/e2b50402-0eed-4655-95cd-3898c4f76644_1.bc1b4557d7da4de944dd1fddc68ffd85.jpeg?odnHeight=450&odnWidth=450&odnBg=FFFFFF,https://i5.walmartimages.com/asr/53b96568-b5e4-4759-9b41-39e50572223e_1.8689fe8944c78587bcc68ca1f7e6545a.jpeg?odnHeight=450&odnWidth=450&odnBg=FFFFFF,https://static.bhphoto.com/images/smallimages/1403708763000_1054590.jpg,https://static.bhphoto.com/images/images500x500/harmony_logitech_915_000224_harmony_ultimate_one_remote_1403708763000_1054590.jpg,http://ecx.images-amazon.com/images/I/41EVxhoieBL._SS40_.jpg,http://ecx.images-amazon.com/images/I/41EVxhoieBL._SY300_QL70_.jpg,http://ecx.images-amazon.com/images/I/41To8F4LA-L._SS40_.jpg,http://ecx.images-amazon.com/images/I/41zWqLD1LmL._SS40_.jpg,https://pisces.bbystatic.com/image2/BestBuy_US/images/products/3721/3721047_sa.jpg,https://images-na.ssl-images-amazon.com/images/I/41EVxhoieBL.jpg,https://www.barcodable.com/images/barcode/0097855100818.png,http://i.ebayimg.com/thumbs/images/g/vCMAAOSwTLxZigVT/s-l96.jpg,http://i.ebayimg.com/thumbs/images/g/2Z4AAOSwBWdZodz~/s-l96.jpg,http://i.ebayimg.com/thumbs/images/g/J-MAAOSwoydWpVUM/s-l96.jpg,http://i.ebayimg.com/thumbs/images/g/IDQAAOSwXXxZXluq/s-l96.jpg,http://i.ebayimg.com/thumbs/images/g/7HgAAOSwAExZoavp/s-l96.jpg,https://i.ebayimg.com/images/g/3aYAAOSw7NNUACeR/s-l300.jpg,http://i.ebayimg.com/images/g/3aYAAOSw7NNUACeR/s-l64.jpg,http://i.ebayimg.com/images/g/DMgAAOSwd4tUACeS/s-l64.jpg,http://i.ebayimg.com/00/z/380AAOSwAF5UaWGs/$_10.png,https://www.upccodesearch.com/images/barcode/0097855100818.png","logitech/915000224,logitech915000224harmonyultimateone15deviceuniversalinfraredremotewithcustomizabletouchscreencontrolblack/111448285620,logitech915000224harmonyultimateone15deviceuniversalinfraredremotewithcustomizabletouchscreencontrolblack/b00iaklm54,097855100818,0097855100818,logitech915000224harmonyultimateone15deviceuniversalinfraredremotewithcustomizabletouchscreencontrolblack/553645002,logitech915000224harmonyultimateone15deviceuniversalinfraredremotewithcustomizabletouchscreencontrolblack/3721047,logitech915000224harmonyultimateone15deviceuniversalinfraredremotewithcustomizabletouchscreencontrolblack/hahuor",Logitech,915-000224,Logitech 915-000224  Harmony Ultimate One 15-Device Universal Infrared Remote with Customizable Touch Screen Control - Black,Electronics,2016-04-26T00:00:00.000Z,2017-11-29T00:00:00Z,,,3.0,https://www.amazon.com/product-reviews/B00IAKLM54/,"I looked at this remote 2 days ago and decided to try the Harmony 650 first to confirm that Logitech's infra red system would with our equipment and because it does I came back to purchase one of these too however, the price jumped by nearly 40.00.Lower the price and I am a customer of this remote too FWIW, the Harmony 650 works flawlessly.Thank you",Ready to Purchase,ByThe Shadowman,"https://www.amazon.com/Logitech-Ultimate-15-Device-Universal-Customizable/dp/B00IAKLM54/,http://www.walmart.com/ip/Logitech-Harmony-Ultimate-One/43195625,https://www.amazon.com/Logitech-915-000224-15-Device-Universal-Customizable/dp/B00IAKLM54/,https://www.walmart.com/ip/Logitech-Harmony-Ultimate-One/43195625,https://www.bhphotovideo.com/c/product/1054590-REG/harmony_logitech_915_000224_harmony_ultimate_one_remote.html,https://www.amazon.com/Logitech-915-000224-Harmony-Ultimate-One/dp/B00IAKLM54/,http://www.amazon.com/Logitech-Harmony-Ultimate-Customizable-915-000224/dp/B00IAKLM54,http://www.amazon.ca/product-reviews/B00IAKLM54,http://www.amazon.ca/Logitech-Harmony-Ultimate-Customizable-915-000224/dp/B00IAKLM54,https://www.amazon.com/product-reviews/B00IAKLM54/,https://www.ebay.com/urw/product-reviews/530090991?_itm=253099154595,https://www.bestbuy.com/site/logitech-harmony-ultimate-one-15-device-universal-remote-black/3721047.p?skuId=3721047,http://reviews.bestbuy.com/3545/3721047/reviews.htm?format=embedded,https://www.ebay.com/urw/product-reviews/530090991?_itm=111448285620,http://reviews.bestbuy.com/3545/3721047/reviews.htm?format=embedded&page=90,http://reviews.bestbuy.com/3545/3721047/reviews.htm?format=embedded&page=100,http://reviews.bestbuy.com/3545/3721047/reviews.htm?format=embedded&page=101,http://reviews.bestbuy.com/3545/3721047/reviews.htm?format=embedded&page=99,http://reviews.bestbuy.com/3545/3721047/reviews.htm?format=embedded&page=95,http://reviews.bestbuy.com/3545/3721047/reviews.htm?format=embedded&page=96,http://reviews.bestbuy.com/3545/3721047/reviews.htm?format=embedded&page=98,http://reviews.bestbuy.com/3545/3721047/reviews.htm?format=embedded&page=93,http://reviews.bestbuy.com/3545/3721047/reviews.htm?format=embedded&page=97,http://reviews.bestbuy.com/3545/3721047/reviews.htm?format=embedded&page=87,http://reviews.bestbuy.com/3545/3721047/reviews.htm?format=embedded&page=94,http://reviews.bestbuy.com/3545/3721047/reviews.htm?format=embedded&page=92,http://reviews.bestbuy.com/3545/3721047/reviews.htm?format=embedded&page=89,http://reviews.bestbuy.com/3545/3721047/reviews.htm?format=embedded&page=91,http://reviews.bestbuy.com/3545/3721047/reviews.htm?format=embedded&page=88,http://reviews.bestbuy.com/3545/3721047/reviews.htm?format=embedded&page=83,http://reviews.bestbuy.com/3545/3721047/reviews.htm?format=embedded&page=86,http://reviews.bestbuy.com/3545/3721047/reviews.htm?format=embedded&page=85,http://reviews.bestbuy.com/3545/3721047/reviews.htm?format=embedded&page=84,http://reviews.bestbuy.com/3545/3721047/reviews.htm?format=embedded&page=81,http://reviews.bestbuy.com/3545/3721047/reviews.htm?format=embedded&page=82,http://reviews.bestbuy.com/3545/3721047/reviews.htm?format=embedded&page=74,http://reviews.bestbuy.com/3545/3721047/reviews.htm?format=embedded&page=75,http://reviews.bestbuy.com/3545/3721047/reviews.htm?format=embedded&page=80,http://reviews.bestbuy.com/3545/3721047/reviews.htm?format=embedded&page=77,http://reviews.bestbuy.com/3545/3721047/reviews.htm?format=embedded&page=73,http://reviews.bestbuy.com/3545/3721047/reviews.htm?format=embedded&page=78,http://reviews.bestbuy.com/3545/3721047/reviews.htm?format=embedded&page=79,http://reviews.bestbuy.com/3545/3721047/reviews.htm?format=embedded&page=76,http://reviews.bestbuy.com/3545/3721047/reviews.htm?format=embedded&page=72,http://reviews.bestbuy.com/3545/3721047/reviews.htm?format=embedded&page=69,http://reviews.bestbuy.com/3545/3721047/reviews.htm?format=embedded&page=68,http://reviews.bestbuy.com/3545/3721047/reviews.htm?format=embedded&page=70,http://reviews.bestbuy.com/3545/3721047/reviews.htm?format=embedded&page=67,http://reviews.bestbuy.com/3545/3721047/reviews.htm?format=embedded&page=71,http://reviews.bestbuy.com/3545/3721047/reviews.htm?format=embedded&page=63,http://reviews.bestbuy.com/3545/3721047/reviews.htm?format=embedded&page=65,http://reviews.bestbuy.com/3545/3721047/reviews.htm?format=embedded&page=62,http://reviews.bestbuy.com/3545/3721047/reviews.htm?format=embedded&page=64,http://reviews.bestbuy.com/3545/3721047/reviews.htm?format=embedded&page=60,http://reviews.bestbuy.com/3545/3721047/reviews.htm?format=embedded&page=57,http://reviews.bestbuy.com/3545/3721047/reviews.htm?format=embedded&page=66,http://reviews.bestbuy.com/3545/3721047/reviews.htm?format=embedded&page=54,http://reviews.bestbuy.com/3545/3721047/reviews.htm?format=embedded&page=61,http://reviews.bestbuy.com/3545/3721047/reviews.htm?format=embedded&page=59,http://reviews.bestbuy.com/3545/3721047/reviews.htm?format=embedded&page=56,http://reviews.bestbuy.com/3545/3721047/reviews.htm?format=embedded&page=58,http://reviews.bestbuy.com/3545/3721047/reviews.htm?format=embedded&page=55,http://reviews.bestbuy.com/3545/3721047/reviews.htm?format=embedded&page=49,http://reviews.bestbuy.com/3545/3721047/reviews.htm?format=embedded&page=52,http://reviews.bestbuy.com/3545/3721047/reviews.htm?format=embedded&page=50,http://reviews.bestbuy.com/3545/3721047/reviews.htm?format=embedded&page=48,http://reviews.bestbuy.com/3545/3721047/reviews.htm?format=embedded&page=51,http://reviews.bestbuy.com/3545/3721047/reviews.htm?format=embedded&page=53,http://reviews.bestbuy.com/3545/3721047/reviews.htm?format=embedded&page=46,http://reviews.bestbuy.com/3545/3721047/reviews.htm?format=embedded&page=45,http://reviews.bestbuy.com/3545/3721047/reviews.htm?format=embedded&page=40,http://reviews.bestbuy.com/3545/3721047/reviews.htm?format=embedded&page=39,http://reviews.bestbuy.com/3545/3721047/reviews.htm?format=embedded&page=47,http://reviews.bestbuy.com/3545/3721047/reviews.htm?format=embedded&page=44,http://reviews.bestbuy.com/3545/3721047/reviews.htm?format=embedded&page=41,http://reviews.bestbuy.com/3545/3721047/reviews.htm?format=embedded&page=43,http://reviews.bestbuy.com/3545/3721047/reviews.htm?format=embedded&page=42,http://reviews.bestbuy.com/3545/3721047/reviews.htm?format=embedded&page=37,http://reviews.bestbuy.com/3545/3721047/reviews.htm?format=embedded&page=35,http://reviews.bestbuy.com/3545/3721047/reviews.htm?format=embedded&page=33,http://reviews.bestbuy.com/3545/3721047/reviews.htm?format=embedded&page=28,http://reviews.bestbuy.com/3545/3721047/reviews.htm?format=embedded&page=32,http://reviews.bestbuy.com/3545/3721047/reviews.htm?format=embedded&page=34,http://reviews.bestbuy.com/3545/3721047/reviews.htm?format=embedded&page=38,http://reviews.bestbuy.com/3545/3721047/reviews.htm?format=embedded&page=36,http://reviews.bestbuy.com/3545/3721047/reviews.htm?format=embedded&page=31,http://reviews.bestbuy.com/3545/3721047/reviews.htm?format=embedded&page=27,http://reviews.bestbuy.com/3545/3721047/reviews.htm?format=embedded&page=29,http://reviews.bestbuy.com/3545/3721047/reviews.htm?format=embedded&page=30,http://reviews.bestbuy.com/3545/3721047/reviews.htm?format=embedded&page=26,http://reviews.bestbuy.com/3545/3721047/reviews.htm?format=embedded&page=23,http://reviews.bestbuy.com/3545/3721047/reviews.htm?format=embedded&page=24,http://reviews.bestbuy.com/3545/3721047/reviews.htm?format=embedded&page=25,http://reviews.bestbuy.com/3545/3721047/reviews.htm?format=embedded&page=22,http://reviews.bestbuy.com/3545/3721047/reviews.htm?format=embedded&page=21,http://reviews.bestbuy.com/3545/3721047/reviews.htm?format=embedded&page=20,http://reviews.bestbuy.com/3545/3721047/reviews.htm?format=embedded&page=11,http://reviews.bestbuy.com/3545/3721047/reviews.htm?format=embedded&page=19,http://reviews.bestbuy.com/3545/3721047/reviews.htm?format=embedded&page=17,http://reviews.bestbuy.com/3545/3721047/reviews.htm?format=embedded&page=10,http://reviews.bestbuy.com/3545/3721047/reviews.htm?format=embedded&page=15,http://reviews.bestbuy.com/3545/3721047/reviews.htm?format=embedded&page=18,http://reviews.bestbuy.com/3545/3721047/reviews.htm?format=embedded&page=16,http://reviews.bestbuy.com/3545/3721047/reviews.htm?format=embedded&page=14,http://reviews.bestbuy.com/3545/3721047/reviews.htm?format=embedded&page=9,http://reviews.bestbuy.com/3545/3721047/reviews.htm?format=embedded&page=12,http://reviews.bestbuy.com/3545/3721047/reviews.htm?format=embedded&page=13,http://reviews.bestbuy.com/3545/3721047/reviews.htm?format=embedded&page=8,http://reviews.bestbuy.com/3545/3721047/reviews.htm?format=embedded&page=4,http://reviews.bestbuy.com/3545/3721047/reviews.htm?format=embedded&page=5,http://reviews.bestbuy.com/3545/3721047/reviews.htm?format=embedded&page=3,http://reviews.bestbuy.com/3545/3721047/reviews.htm?format=embedded&page=6,http://reviews.bestbuy.com/3545/3721047/reviews.htm?format=embedded&page=7,http://reviews.bestbuy.com/3545/3721047/reviews.htm?format=embedded&page=2,http://reviews.bestbuy.com/3545/3721047/reviews.htm?format=embedded&page=124,http://reviews.bestbuy.com/3545/3721047/reviews.htm?format=embedded&page=123,http://reviews.bestbuy.com/3545/3721047/reviews.htm?format=embedded&page=115,http://reviews.bestbuy.com/3545/3721047/reviews.htm?format=embedded&page=118,http://reviews.bestbuy.com/3545/3721047/reviews.htm?format=embedded&page=122,http://reviews.bestbuy.com/3545/3721047/reviews.htm?format=embedded&page=111,http://reviews.bestbuy.com/3545/3721047/reviews.htm?format=embedded&page=121,http://reviews.bestbuy.com/3545/3721047/reviews.htm?format=embedded&page=119,http://reviews.bestbuy.com/3545/3721047/reviews.htm?format=embedded&page=120,http://reviews.bestbuy.com/3545/3721047/reviews.htm?format=embedded&page=116,http://reviews.bestbuy.com/3545/3721047/reviews.htm?format=embedded&page=117,http://reviews.bestbuy.com/3545/3721047/reviews.htm?format=embedded&page=112,http://reviews.bestbuy.com/3545/3721047/reviews.htm?format=embedded&page=110,http://reviews.bestbuy.com/3545/3721047/reviews.htm?format=embedded&page=113,http://reviews.bestbuy.com/3545/3721047/reviews.htm?format=embedded&page=106,http://reviews.bestbuy.com/3545/3721047/reviews.htm?format=embedded&page=114,http://reviews.bestbuy.com/3545/3721047/reviews.htm?format=embedded&page=105,http://reviews.bestbuy.com/3545/3721047/reviews.htm?format=embedded&page=108,http://reviews.bestbuy.com/3545/3721047/reviews.htm?format=embedded&page=107,http://reviews.bestbuy.com/3545/3721047/reviews.htm?format=embedded&page=109,http://reviews.bestbuy.com/3545/3721047/reviews.htm?format=embedded&page=103,http://reviews.bestbuy.com/3545/3721047/reviews.htm?format=embedded&page=104,http://reviews.bestbuy.com/3545/3721047/reviews.htm?format=embedded&page=102,https://www.barcodable.com/upc/097855100818,http://www.ebay.com/itm/Logitech-Harmony-Ultimate-One-IR-Remote-with-Customizable-Touch-Screen-Control/111448285620,https://www.amazon.com/Logitech-Harmony-Ultimate-Customizable-Control/dp/B00IAKLM54/,http://www.bestbuy.com/site/logitech-harmony-ultimate-one-15-device-universal-remote-black/3721047.p?skuId=3721047,https://www.upccodesearch.com/upc/097855100818",97855100818.0,1.7 pounds,"I looked at this remote 2 days ago and decided to try the Harmony 650 first to confirm that Logitech's infra red system would with our equipment and because it does I came back to purchase one of these too however, the price jumped by nearly 40.00.Lower the price and I am a customer of this remote too FWIW, the Harmony 650 works flawlessly.Thank you",i looked at this remote 2 days ago and decided to try the harmony 650 first to confirm that logitech's infra red system would with our equipment and because it does i came back to purchase one of these too however the price jumped by nearly 40 00 lower the price and i am a customer of this remote too fwiw the harmony 650 works flawlessly thank you,68,1,4,0,0,"| Aspect | Sentiment | Evidence |
|---|---|---|
| Price | Negative | “the price jumped by nearly 40.00” |
| Infrared compatibility with the reviewer’s equipment | Positive | The infrared system “does” work with their equipment. |"
